{"coupons":{"64bfa45622fed":{"image":"https://firebasestorage.googleapis.com/v0/b/foodies-3c1d9.appspot.com/o/images%2Fcategorytest_1690281231156.undefined?alt=media&token=a0d09899-9abb-402f-b7c2-22145c6a4153","code":"EAT12","resturant_id":"Rk7ciYPlT8cCJsQBYqXk","isEnabled":true,"description":"1234567890\nasdfghjkl\nxcvbnm,,.","discount":"12","isPublic":true,"discountType":"Fix Price","id":"64bfa45622fed","expiresAt":{"_seconds":1690828199,"_nanoseconds":999000000}},"64bfbfa5f23f2":{"image":"https://firebasestorage.googleapis.com/v0/b/foodies-3c1d9.appspot.com/o/images%2Fshutterstock_139007459_1690288073396.jpg?alt=media&token=ca2d7046-b403-4201-9771-a0adf866eb8c","code":"USEME10","resturant_id":"McDuUWTqctTuLJhy1O97","isEnabled":true,"description":"flat 1% discount on order","discount":"10","isPublic":false,"discountType":"Percentage","id":"64bfbfa5f23f2","expiresAt":{"_seconds":1690828199,"_nanoseconds":999000000}},"64c0f283761a1":{"image":"","code":"Food10","resturant_id":"WqRyINuV8fuqd8g7VInG","isEnabled":true,"description":"","discount":"10","isPublic":true,"discountType":"Percentage","id":"64c0f283761a1","expiresAt":{"_seconds":1691260199,"_nanoseconds":999000000}}}}