{"email_templates":{"A3nTs8mkgFFWxyepUec6":{"id":"A3nTs8mkgFFWxyepUec6","type":"wallet_topup","createdAt":{"_seconds":1689748546,"_nanoseconds":610000000},"subject":"Wallet Topup Confirmation","isSendToAdmin":false,"message":"<div><b><font color=\"#000000\" style=\"background-color: rgb(255, 255, 0);\">Dear {username},</font></b></div><div>We are writing to confirm that your wallet has been successfully topped up with {amount} on {date}.</div><div><br></div><div><b><font color=\"#000000\" style=\"background-color: rgb(255, 255, 0);\">Transaction Details:</font></b></div><div><b><font color=\"#000000\" style=\"background-color: rgb(255, 255, 0);\">Date: {date}</font></b></div><div><b><font color=\"#000000\" style=\"background-color: rgb(255, 255, 0);\">Amount: {amount}</font></b></div><div><b><font color=\"#000000\" style=\"background-color: rgb(255, 255, 0);\">Payment Method: {paymentmethod}</font></b></div><div><b><font color=\"#000000\" style=\"background-color: rgb(255, 255, 0);\">Transaction ID: {transactionid}</font></b></div><div><br></div><div>Your updated wallet balance is now {newwalletbalance}. This balance can be used to conveniently and securely pay for various services and products within our platform.</div><div><br></div><div>As always, we strive to provide you with the best user experience, and your feedback is valuable to us. We look forward to continuing to serve you and making your experience with us even better.</div><div><br></div><div>Thank you once again for choosing&nbsp;<span style=\"font-weight: bolder;\"><font color=\"#000000\" style=\"background-color: rgb(255, 255, 0);\">Foodie</font></span>. We appreciate your continued support.</div><div><br></div><div><b><font color=\"#000000\" style=\"background-color: rgb(255, 255, 0);\">Best regards,</font></b></div><div><b><font color=\"#000000\" style=\"background-color: rgb(255, 255, 0);\"><br></font></b></div><div><b><font color=\"#000000\" style=\"background-color: rgb(255, 255, 0);\">Foodie<br><br></font></b></div>"},"EEDqCchIzcb0HHL2FWIZ":{"id":"EEDqCchIzcb0HHL2FWIZ","type":"new_vendor_signup","createdAt":{"_seconds":1689748307,"_nanoseconds":606000000},"subject":"New User Registration Notification","isSendToAdmin":true,"message":"<p><span style=\"background-color: rgb(255, 255, 0);\">Hi Foodie,</span></p><p><span style=\"font-size: 1rem;\">I hope this email finds you well. I am writing to inform you about a new user registration on our platform. We are excited to welcome a new member to our community!</span><br></p><p><span style=\"font-size: 1rem;\">Below are the details of the new vendor:</span><br></p><p><span style=\"background-color: rgb(255, 255, 0);\">Account ID: {userid}<br><span style=\"font-size: 1rem;\">Name: {username}<br></span><span style=\"font-size: 1rem;\">Email Address: {useremail}<br></span></span><span style=\"background-color: rgb(255, 255, 0); font-size: 1rem;\">Phone Number: {userphone}</span><span style=\"background-color: rgb(255, 255, 0); font-size: 1rem;\"><br></span><span style=\"background-color: rgb(255, 255, 0); font-size: 1rem;\">Date of Registration: {date}</span></p><p>As an administrator, you have the privilege to review and verify the new user's details to ensure that they comply with our policies and guidelines. Please take a moment to check the provided information and activate the user's account if everything appears to be in order. If you have any concerns or need further information, feel free to reach out to the user directly.</p><p>We believe that this new addition will enrich our platform and contribute positively to our growing community. By providing them with a warm welcome and support, we can create a positive experience for both the user and our existing members.</p><p>Thank you for your continued dedication to maintaining the integrity and security of our platform.</p><p><br></p><p><span style=\"background-color: rgb(255, 255, 0);\">Best regards,</span></p><p><span style=\"background-color: rgb(255, 255, 0);\">Foodie<br></span></p>"},"JNcTpUecCuehGmo8RmsS":{"id":"JNcTpUecCuehGmo8RmsS","type":"payout_request_status","createdAt":{"_seconds":1689748501,"_nanoseconds":492000000},"isSendToAdmin":false,"subject":"Payout Request Status - {requestid}","message":"<p><span style=\"background-color: rgb(255, 255, 0);\">Dear {username},</span></p><p><span style=\"font-size: 1rem;\">I hope this email finds you well. We would like to inform you about the status of your recent payout request with the Request ID {requestid}.</span><br></p><p><span style=\"font-size: 1rem;\">We are pleased to inform you that your payout request has been {status}. The requested amount will be processed and transferred to your designated account within short time. Please note that the processing time may vary depending on your financial institution.</span><br></p><p><span style=\"font-size: 1rem; background-color: rgb(255, 255, 0);\">Here are the details of your {status} payout:</span><br></p><p><span style=\"background-color: rgb(255, 255, 0);\"><span style=\"font-size: 1rem;\">Request ID: {requestid}<br></span><span style=\"font-size: 1rem;\">{status} Amount: {amount}</span><span style=\"font-size: 1rem;\"><br></span></span><span style=\"color: rgb(55, 65, 81); font-family: Söhne, ui-sans-serif, system-ui, -apple-system, &quot;Segoe UI&quot;, Roboto, Ubuntu, Cantarell, &quot;Noto Sans&quot;, sans-serif, &quot;Helvetica Neue&quot;, Arial, &quot;Apple Color Emoji&quot;, &quot;Segoe UI Emoji&quot;, &quot;Segoe UI Symbol&quot;, &quot;Noto Color Emoji&quot;; white-space-collapse: preserve; background-color: rgb(255, 255, 0);\">Date: {date}</span></p><p><span style=\"font-size: 1rem;\">Alternatively, in the unlikely event that your payout request has been disapproved, we regret to inform you that the request cannot be fulfilled at this time. The reasons for disapproval may include, but are not limited to, incomplete or incorrect information provided, failure to meet eligibility criteria, or violation of our platform's terms of service.</span><br></p><p><span style=\"font-size: 1rem;\">If you believe there might have been a misunderstanding or you would like to discuss the matter further, kindly get in touch with our support team, and we will be happy to assist you.</span><br></p><p><span style=\"font-size: 1rem;\">We value your partnership with us, and our team is always here to help. We look forward to continued success together.</span><br></p><p><span style=\"font-size: 1rem;\">Thank you for being a part of our community.</span><br></p><p><span style=\"background-color: rgb(255, 255, 0);\"><span style=\"font-size: 1rem;\"><br>Best regards,</span><br></span></p><p><span style=\"background-color: rgb(255, 255, 0);\"><span style=\"font-size: 1rem;\">Foodie</span><br></span></p>"},"UDINWkfknDLDkZAN20mJ":{"id":"UDINWkfknDLDkZAN20mJ","type":"payout_request","createdAt":{"_seconds":1689748421,"_nanoseconds":150000000},"isSendToAdmin":true,"subject":"Payout Request - {userid}","message":"<div><font color=\"#374151\" face=\"Söhne, ui-sans-serif, system-ui, -apple-system, Segoe UI, Roboto, Ubuntu, Cantarell, Noto Sans, sans-serif, Helvetica Neue, Arial, Apple Color Emoji, Segoe UI Emoji, Segoe UI Symbol, Noto Color Emoji\"><span style=\"white-space-collapse: preserve; background-color: rgb(255, 255, 0);\">Hi Foodie,</span></font></div><div><font color=\"#374151\" face=\"Söhne, ui-sans-serif, system-ui, -apple-system, Segoe UI, Roboto, Ubuntu, Cantarell, Noto Sans, sans-serif, Helvetica Neue, Arial, Apple Color Emoji, Segoe UI Emoji, Segoe UI Symbol, Noto Color Emoji\"><span style=\"white-space-collapse: preserve;\"><br></span></font></div><div><font color=\"#374151\" face=\"Söhne, ui-sans-serif, system-ui, -apple-system, Segoe UI, Roboto, Ubuntu, Cantarell, Noto Sans, sans-serif, Helvetica Neue, Arial, Apple Color Emoji, Segoe UI Emoji, Segoe UI Symbol, Noto Color Emoji\"><span style=\"white-space-collapse: preserve;\">I hope this email finds you well. I am writing to request a payout for {username}&nbsp; account with ID number {userid}.&nbsp;</span></font></div><div><font color=\"#374151\" face=\"Söhne, ui-sans-serif, system-ui, -apple-system, Segoe UI, Roboto, Ubuntu, Cantarell, Noto Sans, sans-serif, Helvetica Neue, Arial, Apple Color Emoji, Segoe UI Emoji, Segoe UI Symbol, Noto Color Emoji\"><span style=\"white-space-collapse: preserve;\"><br></span></font></div><div><font color=\"#374151\" face=\"Söhne, ui-sans-serif, system-ui, -apple-system, Segoe UI, Roboto, Ubuntu, Cantarell, Noto Sans, sans-serif, Helvetica Neue, Arial, Apple Color Emoji, Segoe UI Emoji, Segoe UI Symbol, Noto Color Emoji\"><span style=\"white-space-collapse: preserve;\">Below are the details of my payout request:</span></font></div><div><font color=\"#374151\" face=\"Söhne, ui-sans-serif, system-ui, -apple-system, Segoe UI, Roboto, Ubuntu, Cantarell, Noto Sans, sans-serif, Helvetica Neue, Arial, Apple Color Emoji, Segoe UI Emoji, Segoe UI Symbol, Noto Color Emoji\"><span style=\"white-space-collapse: preserve;\"><br></span></font></div><div><font color=\"#374151\" face=\"Söhne, ui-sans-serif, system-ui, -apple-system, Segoe UI, Roboto, Ubuntu, Cantarell, Noto Sans, sans-serif, Helvetica Neue, Arial, Apple Color Emoji, Segoe UI Emoji, Segoe UI Symbol, Noto Color Emoji\"><span style=\"white-space-collapse: preserve; background-color: rgb(255, 255, 0);\">Account ID: {userid}</span></font></div><div><font color=\"#374151\" face=\"Söhne, ui-sans-serif, system-ui, -apple-system, Segoe UI, Roboto, Ubuntu, Cantarell, Noto Sans, sans-serif, Helvetica Neue, Arial, Apple Color Emoji, Segoe UI Emoji, Segoe UI Symbol, Noto Color Emoji\"><span style=\"white-space-collapse: preserve; background-color: rgb(255, 255, 0);\">Amount Requested:{amount}</span></font></div><div><span style=\"white-space-collapse: preserve; color: rgb(55, 65, 81); font-family: Söhne, ui-sans-serif, system-ui, -apple-system, &quot;Segoe UI&quot;, Roboto, Ubuntu, Cantarell, &quot;Noto Sans&quot;, sans-serif, &quot;Helvetica Neue&quot;, Arial, &quot;Apple Color Emoji&quot;, &quot;Segoe UI Emoji&quot;, &quot;Segoe UI Symbol&quot;, &quot;Noto Color Emoji&quot;; font-size: 1rem; background-color: rgb(255, 255, 0);\">Payment Account ID: {payoutrequestid}\n</span><div><span style=\"white-space-collapse: preserve; color: rgb(55, 65, 81); font-family: Söhne, ui-sans-serif, system-ui, -apple-system, &quot;Segoe UI&quot;, Roboto, Ubuntu, Cantarell, &quot;Noto Sans&quot;, sans-serif, &quot;Helvetica Neue&quot;, Arial, &quot;Apple Color Emoji&quot;, &quot;Segoe UI Emoji&quot;, &quot;Segoe UI Symbol&quot;, &quot;Noto Color Emoji&quot;; font-size: 1rem; background-color: rgb(255, 255, 0);\">Date: {date}</span><br></div></div><div><span style=\"white-space-collapse: preserve; color: rgb(55, 65, 81); font-family: Söhne, ui-sans-serif, system-ui, -apple-system, &quot;Segoe UI&quot;, Roboto, Ubuntu, Cantarell, &quot;Noto Sans&quot;, sans-serif, &quot;Helvetica Neue&quot;, Arial, &quot;Apple Color Emoji&quot;, &quot;Segoe UI Emoji&quot;, &quot;Segoe UI Symbol&quot;, &quot;Noto Color Emoji&quot;; font-size: 1rem; background-color: rgb(255, 255, 0);\"><br></span></div><div><font color=\"#374151\" face=\"Söhne, ui-sans-serif, system-ui, -apple-system, Segoe UI, Roboto, Ubuntu, Cantarell, Noto Sans, sans-serif, Helvetica Neue, Arial, Apple Color Emoji, Segoe UI Emoji, Segoe UI Symbol, Noto Color Emoji\"><span style=\"white-space-collapse: preserve;\"><br></span></font></div><div><font color=\"#374151\" face=\"Söhne, ui-sans-serif, system-ui, -apple-system, Segoe UI, Roboto, Ubuntu, Cantarell, Noto Sans, sans-serif, Helvetica Neue, Arial, Apple Color Emoji, Segoe UI Emoji, Segoe UI Symbol, Noto Color Emoji\"><span style=\"white-space-collapse: preserve;\">I would be grateful if you could process my payout request at your earliest convenience. If there are any delays or issues with my request, please inform me as soon as possible so that I can take appropriate action if needed.</span></font></div><div><font color=\"#374151\" face=\"Söhne, ui-sans-serif, system-ui, -apple-system, Segoe UI, Roboto, Ubuntu, Cantarell, Noto Sans, sans-serif, Helvetica Neue, Arial, Apple Color Emoji, Segoe UI Emoji, Segoe UI Symbol, Noto Color Emoji\"><span style=\"white-space-collapse: preserve;\"><br></span></font></div><div><font color=\"#374151\" face=\"Söhne, ui-sans-serif, system-ui, -apple-system, Segoe UI, Roboto, Ubuntu, Cantarell, Noto Sans, sans-serif, Helvetica Neue, Arial, Apple Color Emoji, Segoe UI Emoji, Segoe UI Symbol, Noto Color Emoji\"><span style=\"white-space-collapse: preserve;\">Thank you for your attention to this matter. I truly value the partnership we have, and I look forward to your prompt response.</span></font></div><div><font color=\"#374151\" face=\"Söhne, ui-sans-serif, system-ui, -apple-system, Segoe UI, Roboto, Ubuntu, Cantarell, Noto Sans, sans-serif, Helvetica Neue, Arial, Apple Color Emoji, Segoe UI Emoji, Segoe UI Symbol, Noto Color Emoji\"><span style=\"white-space-collapse: preserve;\"><br></span></font></div><div><font color=\"#374151\" face=\"Söhne, ui-sans-serif, system-ui, -apple-system, Segoe UI, Roboto, Ubuntu, Cantarell, Noto Sans, sans-serif, Helvetica Neue, Arial, Apple Color Emoji, Segoe UI Emoji, Segoe UI Symbol, Noto Color Emoji\"><span style=\"white-space-collapse: preserve;\">If you require any further information or have any questions, please do not hesitate to reach out to me.</span></font></div><div><font color=\"#374151\" face=\"Söhne, ui-sans-serif, system-ui, -apple-system, Segoe UI, Roboto, Ubuntu, Cantarell, Noto Sans, sans-serif, Helvetica Neue, Arial, Apple Color Emoji, Segoe UI Emoji, Segoe UI Symbol, Noto Color Emoji\"><span style=\"white-space-collapse: preserve;\"><br></span></font></div><div><font color=\"#374151\" face=\"Söhne, ui-sans-serif, system-ui, -apple-system, Segoe UI, Roboto, Ubuntu, Cantarell, Noto Sans, sans-serif, Helvetica Neue, Arial, Apple Color Emoji, Segoe UI Emoji, Segoe UI Symbol, Noto Color Emoji\"><span style=\"white-space-collapse: preserve; background-color: rgb(255, 255, 0);\">Best regards,</span></font></div><div><font color=\"#374151\" face=\"Söhne, ui-sans-serif, system-ui, -apple-system, Segoe UI, Roboto, Ubuntu, Cantarell, Noto Sans, sans-serif, Helvetica Neue, Arial, Apple Color Emoji, Segoe UI Emoji, Segoe UI Symbol, Noto Color Emoji\"><span style=\"white-space-collapse: preserve; background-color: rgb(255, 255, 0);\"><br></span></font></div><div><font color=\"#374151\" face=\"Söhne, ui-sans-serif, system-ui, -apple-system, Segoe UI, Roboto, Ubuntu, Cantarell, Noto Sans, sans-serif, Helvetica Neue, Arial, Apple Color Emoji, Segoe UI Emoji, Segoe UI Symbol, Noto Color Emoji\"><span style=\"white-space-collapse: preserve; background-color: rgb(255, 255, 0);\">{username}</span></font></div><div><font color=\"#374151\" face=\"Söhne, ui-sans-serif, system-ui, -apple-system, Segoe UI, Roboto, Ubuntu, Cantarell, Noto Sans, sans-serif, Helvetica Neue, Arial, Apple Color Emoji, Segoe UI Emoji, Segoe UI Symbol, Noto Color Emoji\"><span style=\"white-space-collapse: preserve; background-color: rgb(255, 255, 0);\">{usercontactinfo}</span></font></div><div><font color=\"#374151\" face=\"Söhne, ui-sans-serif, system-ui, -apple-system, Segoe UI, Roboto, Ubuntu, Cantarell, Noto Sans, sans-serif, Helvetica Neue, Arial, Apple Color Emoji, Segoe UI Emoji, Segoe UI Symbol, Noto Color Emoji\"><span style=\"white-space-collapse: preserve; background-color: rgb(255, 255, 0);\">Foodie</span></font></div>"},"X8y5jOZ5S0uOtd16GdQs":{"id":"X8y5jOZ5S0uOtd16GdQs","type":"new_order_placed","createdAt":{"_seconds":1689748116,"_nanoseconds":391000000},"isSendToAdmin":false,"subject":"Your Order Confirmation - {orderid}","message":"<p><span style=\"background-color: rgb(255, 255, 0);\">Dear {username},</span></p><p><span style=\"font-size: 1rem;\">New order placed with Foodie.This email serves as confirmation of recent online order.</span><br></p><p><span style=\"background-color: rgb(255, 255, 0);\"><span style=\"font-size: 1rem;\">Order Number: {orderid}<br></span><span style=\"font-size: 1rem;\">Order Date: {date}<br></span><span style=\"font-size: 1rem;\">Delivery Address: {address}<br></span><span style=\"font-size: 1rem;\">Payment Method: {paymentmethod}</span></span></p><p><span style=\"font-size: 1rem;\">Order Details:</span><br></p><p><span style=\"font-size: 1rem;\">{productdetails}</span><br></p><p><span style=\"background-color: rgb(255, 255, 0);\"><span style=\"font-size: 1rem;\">Subtotal: {subtotal}<br></span><span style=\"font-size: 1rem;\">Discount {coupon}: {discountamount}<br></span><span style=\"font-size: 1rem;\">Special Discount {specialcoupon}: {specialdiscountamount}<br></span><span style=\"font-size: 1rem;\">{taxdetails}<br></span><span style=\"font-size: 1rem;\">Delivery Charge: {shippingcharge}<br></span><span style=\"font-size: 1rem;\">Tip Amount: {tipamount}<br></span><span style=\"font-size: 1rem;\">Total Amount: {totalAmount}</span></span></p><p><span style=\"font-size: 1rem;\">We are now processing order, If you need any updates regarding your order status or have any questions, please don't hesitate to reach out to our customer support team or reply to this email.</span><br></p><p><span style=\"font-size: 1rem;\">Once again, thank you for choosing Foodie. We value your trust in us, and we're committed to providing you with an exceptional ordering experience.</span><br></p><p><span style=\"font-size: 1rem;\">If you have any feedback or suggestions, we'd love to hear from you.</span></p><p><span style=\"background-color: rgb(255, 255, 0);\"><span style=\"font-size: 1rem;\">Best regards,</span></span></p><p><span style=\"background-color: rgb(255, 255, 0);\"><span style=\"font-size: 1rem;\">Foodie</span></span></p>"}}}