{"menu_items":{"631eead5279f6":{"id":"631eead5279f6","title":"Pizza","position":"top","set_order":3,"redirect_type":"product","redirect_id":"5mvuY03JPlocpiadbjMP","photo":"https://firebasestorage.googleapis.com/v0/b/foodies-3c1d9.appspot.com/o/images%2Fhm-banner.png?alt=media&token=c5bde0ef-3518-4909-930b-5c3606e0f680","is_publish":true},"6320242e2d918":{"id":"6320242e2d918","title":"Burger","set_order":1,"position":"middle","photo":"https://firebasestorage.googleapis.com/v0/b/foodies-3c1d9.appspot.com/o/images%2Fbanner_small_1.png?alt=media&token=85617af1-fcd1-4c15-8ac3-9a098df585c4","redirect_type":"store","redirect_id":"OJysCxbhC5yMnVQpgp1G","is_publish":true},"6321603ece0e3":{"id":"6321603ece0e3","title":"Meal","position":"top","set_order":1,"redirect_type":"store","redirect_id":"0CwIcsoYhSxYba9DlwuE","photo":"https://firebasestorage.googleapis.com/v0/b/foodies-3c1d9.appspot.com/o/images%2Fhm-banner4.png?alt=media&token=7c853972-d8c8-4187-a872-8e345486cef4","is_publish":true},"63d3aac33d8db":{"set_order":2,"id":"63d3aac33d8db","title":"Nuddles","position":"top","redirect_type":"product","redirect_id":"wtkHB2Xb4Y2n0kRfYZfq","photo":"https://firebasestorage.googleapis.com/v0/b/foodies-3c1d9.appspot.com/o/images%2Fhm-banner3.png?alt=media&token=9c21f78a-9d3e-4ea2-bae2-39034729fdb7","is_publish":true},"63d3ac9e836ff":{"id":"63d3ac9e836ff","title":"Biryani","set_order":3,"position":"middle","redirect_type":"external_link","redirect_id":"http://foodieweb.siswebapp.com/product/6ejeiiJZ9vyPNBj53TqL","photo":"https://firebasestorage.googleapis.com/v0/b/foodies-3c1d9.appspot.com/o/images%2Fbanner_small_1.png?alt=media&token=cec86a8b-c4f4-440c-a8ca-efc063078686","is_publish":true},"63d3ad2e2a549":{"id":"63d3ad2e2a549","title":"Burger","redirect_type":"external_link","set_order":2,"position":"middle","redirect_id":"https://foodieweb.siswebapp.com/","photo":"https://firebasestorage.googleapis.com/v0/b/foodies-3c1d9.appspot.com/o/images%2Fbanner_small_2.png?alt=media&token=db179811-157d-4d78-bc9b-ab43cdaffe3c","is_publish":false},"63e0f79bd5f53":{"set_order":1,"position":"middle","id":"63e0f79bd5f53","title":"dish","redirect_type":"store","redirect_id":"OJysCxbhC5yMnVQpgp1G","photo":"https://firebasestorage.googleapis.com/v0/b/foodies-3c1d9.appspot.com/o/images%2Fbanner_small_3.png?alt=media&token=41ede59f-32b0-4067-bff4-9129d1ecd48a","is_publish":false},"63ecb1bebfbe9":{"set_order":4,"photo":"https://firebasestorage.googleapis.com/v0/b/foodies-3c1d9.appspot.com/o/images%2Fburger6.jpg?alt=media&token=832a69c7-bdf5-478b-b644-52e29aaf0c04","position":"top","id":"63ecb1bebfbe9","title":"Burger","redirect_type":"external_link","redirect_id":"http://emartstore.siswebapp.com/","is_publish":false}}}