{"referral":{"1wShXOOVHETCVjdb78Dky9vaMbj1":{"referralCode":"819161","referralBy":"","id":"1wShXOOVHETCVjdb78Dky9vaMbj1"},"2m1TsFOULVaoZTAHOEEs16RVIZx1":{"referralCode":"592679","referralBy":"","id":"2m1TsFOULVaoZTAHOEEs16RVIZx1"},"4lIV9N31AfPCW3NffWEnhwginXA3":{"referralCode":"456408","referralBy":"","id":"4lIV9N31AfPCW3NffWEnhwginXA3"},"5UrfBGv4tXNMr8UEuy8f4axtP6S2":{"referralCode":"647315","referralBy":"","id":"5UrfBGv4tXNMr8UEuy8f4axtP6S2"},"7mnjOmBNYNOcGOlluh5AeXP1PFu1":{"referralCode":"349789","referralBy":"","id":"7mnjOmBNYNOcGOlluh5AeXP1PFu1"},"BLwgzQUcwsgk5z3mHSE8sJdFcgv1":{"referralCode":"675714","referralBy":"","id":"BLwgzQUcwsgk5z3mHSE8sJdFcgv1"},"BNVqAwACFGdsmHcFsl1R5aWMYSN2":{"referralCode":"890853","referralBy":"","id":"BNVqAwACFGdsmHcFsl1R5aWMYSN2"},"BgnU30J3ROeJAYhpT1eCR7K6Cko1":{"referralCode":"736145","referralBy":"","id":"BgnU30J3ROeJAYhpT1eCR7K6Cko1"},"CM92BhncwnXzkR8IZTGRY7NR5WT2":{"referralCode":"907102","referralBy":"","id":"CM92BhncwnXzkR8IZTGRY7NR5WT2"},"CzxgzUB1pIZVCCSZujAiwAUx2Cg2":{"referralCode":"355569","referralBy":"","id":"CzxgzUB1pIZVCCSZujAiwAUx2Cg2"},"IT3AYegb4ESI312T4ct1tk4W3Sm1":{"referralCode":"655505","referralBy":"","id":"IT3AYegb4ESI312T4ct1tk4W3Sm1"},"O0T6lfqeFyRW7vtESwJddc7rMzh1":{"referralCode":"964783","referralBy":"","id":"O0T6lfqeFyRW7vtESwJddc7rMzh1"},"ODcehaGLdISx3bKRzUSEPYu78g62":{"referralCode":"784195","referralBy":"","id":"ODcehaGLdISx3bKRzUSEPYu78g62"},"Of2rF1Z4x8T6H8I5109CJZXyZnk1":{"referralCode":"331773","referralBy":"","id":"Of2rF1Z4x8T6H8I5109CJZXyZnk1"},"PVp9cxI65rRXHUYZ7lLDMlWXLXr1":{"referralCode":"223195","referralBy":"","id":"PVp9cxI65rRXHUYZ7lLDMlWXLXr1"},"UFWWM9agdYOP8pMAQNOqsGc6kh33":{"referralCode":"772598","referralBy":"","id":"UFWWM9agdYOP8pMAQNOqsGc6kh33"},"VoghSmbNouhwCGIw4EWtSQeXA313":{"referralCode":"604065","referralBy":"","id":"VoghSmbNouhwCGIw4EWtSQeXA313"},"WGPFjDtKDHXMH2dnS8R8nbw8SxF3":{"referralCode":"206244","referralBy":"","id":"WGPFjDtKDHXMH2dnS8R8nbw8SxF3"},"XTQ7iU0nX0c7uJEezESnxeHKEq92":{"referralCode":"877923","referralBy":"","id":"XTQ7iU0nX0c7uJEezESnxeHKEq92"},"XsaTAC2X5iR9zBLWXsUqupKmx5o2":{"referralCode":"755894","referralBy":"","id":"XsaTAC2X5iR9zBLWXsUqupKmx5o2"},"ZN27ovfAMbddfOwAWP0SpEJiaaU2":{"referralCode":"463998","referralBy":"","id":"ZN27ovfAMbddfOwAWP0SpEJiaaU2"},"fgjfiZKoyUarLRXP2ye5aIpjsnz2":{"referralCode":"492981","referralBy":"","id":"fgjfiZKoyUarLRXP2ye5aIpjsnz2"},"gjaZTpSTwGUpdK7006oA9ZSd9Ao1":{"referralCode":"969432","referralBy":"","id":"gjaZTpSTwGUpdK7006oA9ZSd9Ao1"},"i6mIRfgsOMefCyOdl7jwEFAULxW2":{"referralCode":"441563","referralBy":"","id":"i6mIRfgsOMefCyOdl7jwEFAULxW2"},"ibm3pOEGcicILgq3W2CiaKxpvjX2":{"referralCode":"308975","referralBy":"","id":"ibm3pOEGcicILgq3W2CiaKxpvjX2"},"l60NNIh7nwhkJEtTkYDCMfY9Eto2":{"referralCode":"533053","referralBy":"","id":"l60NNIh7nwhkJEtTkYDCMfY9Eto2"},"oXSgnEymfCVH5yZZKkE6vV1bKJC3":{"referralCode":"490360","referralBy":"","id":"oXSgnEymfCVH5yZZKkE6vV1bKJC3"},"pG5aJt2gwsNwQGNkEnF0PSzYpZh2":{"referralCode":"702468","referralBy":"","id":"pG5aJt2gwsNwQGNkEnF0PSzYpZh2"},"pIUvvURnKsalUZT9Ntpi5DJ8q9o1":{"referralCode":"580171","referralBy":"","id":"pIUvvURnKsalUZT9Ntpi5DJ8q9o1"},"rlOyIvxHnrg8OCZWKhamldhrM7D3":{"referralCode":"750348","referralBy":"","id":"rlOyIvxHnrg8OCZWKhamldhrM7D3"},"sNxwze0n4ne5jIfz5C6rB5xpqJ63":{"referralCode":"607152","referralBy":"","id":"sNxwze0n4ne5jIfz5C6rB5xpqJ63"},"tm9DqJblyXVoKzQtr0noKcm4TEw1":{"referralCode":"197493","referralBy":"","id":"tm9DqJblyXVoKzQtr0noKcm4TEw1"},"wRCBMeplP1P72XYuyI8dQkNRKmF2":{"referralCode":"566105","referralBy":"","id":"wRCBMeplP1P72XYuyI8dQkNRKmF2"}}}