{"tax":{"CfvsJNGppvovaG09WqmU":{"country":"India","tax":"8","id":"CfvsJNGppvovaG09WqmU","title":"CGST","type":"percentage","enable":true},"D5wKmbNkhA1svR6P3wTV":{"country":"Canada","tax":"20","id":"D5wKmbNkhA1svR6P3wTV","title":"GST","type":"fix","enable":true},"DaNObBs21YLeuEuJ8Vyg":{"country":"India","tax":"5","id":"DaNObBs21YLeuEuJ8Vyg","title":"GST","type":"fix","enable":false},"ZA3wQnOxEiDROhaITZIX":{"country":"Australia","enable":false,"tax":"12","id":"ZA3wQnOxEiDROhaITZIX","type":"percentage","title":"GST"},"d24EyD7PAqw27W77s9vG":{"country":"India","tax":"18","id":"d24EyD7PAqw27W77s9vG","title":"SGST","type":"percentage","enable":true}}}