{"vendor_attributes":{"63ad3bb5e8ca2":{"id":"63ad3bb5e8ca2","title":"Type"},"63b601a19450a":{"id":"63b601a19450a","title":"vegie"},"642357a0e9e56":{"id":"642357a0e9e56","title":"origin"},"6454b2814df19":{"id":"6454b2814df19","title":"Cf"},"64578f298a544":{"id":"64578f298a544","title":"Hrissa"},"64578f3a641a1":{"id":"64578f3a641a1","title":"Mayonnaise "},"6457a74411bfe":{"id":"6457a74411bfe","title":"Beef Patty"},"6457a779a56ac":{"id":"6457a779a56ac","title":"Onions"},"6457a787007de":{"id":"6457a787007de","title":"Tomates"},"6457a793495ad":{"id":"6457a793495ad","title":"Pickels"},"6457a79fdefa6":{"id":"6457a79fdefa6","title":"Lettuce"},"6457a7ac247ec":{"id":"6457a7ac247ec","title":"Ketchup"},"6457a7ba3c559":{"id":"6457a7ba3c559","title":"Tandoori Chicken"},"6457a7ca1e4f4":{"id":"6457a7ca1e4f4","title":"Chedder Cheese"},"6457a7f06dafb":{"id":"6457a7f06dafb","title":"Crispy Chicken"},"6457a805420b3":{"id":"6457a805420b3","title":"Mozza cheese"},"6457a81c3c569":{"id":"6457a81c3c569","title":"Grilled Chicken"},"6457a83094007":{"id":"6457a83094007","title":"Mustard"},"64589c4bafad1":{"id":"64589c4bafad1","title":"drink"},"645b9d85835a5":{"id":"645b9d85835a5","title":"Pepperonni "},"645b9d9d24eea":{"id":"645b9d9d24eea","title":"Napolitano"},"645b9db6ce4b2":{"id":"645b9db6ce4b2","title":"Hawai"},"645b9f085ae93":{"id":"645b9f085ae93","title":"Prusschoto"},"646252839c1fa":{"id":"646252839c1fa","title":"Permessano"},"646252a7da841":{"id":"646252a7da841","title":"Chees XXL (roquefort , camembert)"},"6465855daec40":{"id":"6465855daec40","title":"Shabata"},"6466326433487":{"id":"6466326433487","title":"egg"},"646632753c3be":{"id":"646632753c3be","title":"bacon"},"646632d5e5831":{"id":"646632d5e5831","title":"fromage"},"6466331a9b6a1":{"id":"6466331a9b6a1","title":"gaufre "},"6466343c7d3f6":{"id":"6466343c7d3f6","title":"cafe"},"646634483625b":{"id":"646634483625b","title":"crepe"},"64663459921a8":{"id":"64663459921a8","title":"omlette"},"646634816e73c":{"id":"646634816e73c","title":"cafe au lait"},"64663490cde4c":{"id":"64663490cde4c","title":"cake"},"6466350d45d12":{"id":"6466350d45d12","title":"charcuterie"},"64663522cd874":{"id":"64663522cd874","title":"jus"},"646635405c1ef":{"id":"646635405c1ef","title":"eau"},"646ceeaedd255":{"id":"646ceeaedd255","title":"Soda"},"646cef2c3656c":{"id":"646cef2c3656c","title":"Maïs"},"646cefcd1dea1":{"id":"646cefcd1dea1","title":"Sauce fromage"},"646cefe154f74":{"id":"646cefe154f74","title":"Sauce pesto"},"646cf002cb2b9":{"id":"646cf002cb2b9","title":"Frites"},"648325ab5f51e":{"id":"648325ab5f51e","title":"testing attribute"},"6486e863953fe":{"id":"6486e863953fe","title":"CHUCHU food"},"648f4248f2015":{"id":"648f4248f2015","title":"Size"},"64b0e72374017":{"id":"64b0e72374017","title":"Peri Peri"}}}