{"vendors":{"2mOu7z5TOataupH0Zp3z":{"latitude":23.022505,"phonenumber":"8965236323","description":"all choco types items available","title":"Choco Shakes","photos":["https://firebasestorage.googleapis.com/v0/b/foodies-3c1d9.appspot.com/o/images%2FEGGNOG_1690530967433.webp?alt=media&token=ff68fd7a-0dcd-4d72-8778-ad063773f7bc","https://firebasestorage.googleapis.com/v0/b/foodies-3c1d9.appspot.com/o/images%2Fchocolate_milk_1690530974676.webp?alt=media&token=6a2f6e61-8269-4019-96a6-0cfd532d1c3f","https://firebasestorage.googleapis.com/v0/b/foodies-3c1d9.appspot.com/o/images%2FMILKSHAKE_1690530985595.webp?alt=media&token=0c63a354-4ded-4bf5-adc0-b751eb95b8b6","https://firebasestorage.googleapis.com/v0/b/foodies-3c1d9.appspot.com/o/images%2FHOT%20CHOCOLATE_1690531000127.webp?alt=media&token=2b0262bb-adf8-4149-b30a-ce47e3095802"],"enabledDiveInFuture":false,"restaurantCost":"","id":"2mOu7z5TOataupH0Zp3z","workingHours":[{"timeslot":[],"day":"Monday"},{"timeslot":[],"day":"Tuesday"},{"timeslot":[],"day":"Wednesday"},{"timeslot":[],"day":"Thursday"},{"timeslot":[],"day":"Friday"},{"timeslot":[],"day":"Saturday"},{"timeslot":[],"day":"Sunday"}],"categoryID":"64c372d028676","longitude":72.571365,"restaurantMenuPhotos":[],"author":"Dtp3EyXTI3PvkZ2rP8FJPq7iFwa2","g":{"geohash":"ts5dgrhgg3","geopoint":{"_latitude":23.022505,"_longitude":72.571365}},"categoryTitle":"Cake","coordinates":{"_latitude":23.022505,"_longitude":72.571365},"photo":"https://firebasestorage.googleapis.com/v0/b/foodies-3c1d9.appspot.com/o/images%2Fth%20(2)_1690530865955.jpg?alt=media&token=e52946be-85ed-4283-a7ec-2ec7a2978c25","filters":{"Good for Breakfast":"No","Free Wi-Fi":"No","Vegetarian Friendly":"No","Good for Lunch":"No","Outdoor Seating":"Yes","Good for Dinner":"No","Live Music":"No","Takes Reservations":"No"},"closeDineTime":"","authorProfilePic":"https://firebasestorage.googleapis.com/v0/b/foodies-3c1d9.appspot.com/o/images%2F4bce6b_1690530797968.jpg?alt=media&token=926c1f58-e4a5-4f7a-a58a-596f37fb877b","openDineTime":"","authorName":"noori margeri","location":"sarkhej highway","specialDiscount":[{"timeslot":[],"day":"Monday"},{"timeslot":[],"day":"Tuesday"},{"timeslot":[],"day":"Wednesday"},{"timeslot":[],"day":"Thursday"},{"timeslot":[],"day":"Friday"},{"timeslot":[],"day":"Saturday"},{"timeslot":[],"day":"Sunday"}],"reststatus":true,"hidephotos":false,"createdAt":{"_seconds":1690531016,"_nanoseconds":342000000}},"8w5A9nKpmRcxmPit8evu":{"specialDiscountEnable":false,"latitude":21.17024,"phonenumber":"9511249852","description":"testing","reviewsCount":0,"title":"Pizza hut","categoryPhoto":"","enabledDiveInFuture":false,"createdAt":{"_seconds":1690201921,"_nanoseconds":90491000},"id":"8w5A9nKpmRcxmPit8evu","fcmToken":"f5-cwa3VSkax0b7TjQZO_w:APA91bFn9QyZNMpfYYy-0KZq1j7cDNdkbMiW0_h9TLkE1140OluF0Zv_55A5Q1Y5V3OYe7pKc2QlJZaYbf-TuUHZzrf5EJTbZdyNmyFWtpBV2qtHjPiydh-Eyt4aOWhl80wBj1okC7TP","categoryID":"63dc959f264ed","longitude":72.83106,"DeliveryCharge":{"minimum_delivery_charges_within_km":2,"minimum_delivery_charges":8,"delivery_charges_per_km":2},"restaurantMenuPhotos":[],"author":"XlgUYNVzn0hQwZDinuOD56voDtj1","categoryTitle":"Pizza","filters":{"Good for Breakfast":"No","Free Wi-Fi":"No","Vegetarian Friendly":"No","Good for Lunch":"No","Outdoor Seating":"No","Good for Dinner":"Yes","Takes Reservations":"No","Live Music":"No"},"walletAmount":0,"closeDineTime":"","authorProfilePic":" ","openDineTime":"","authorName":"Pragati","reviewsSum":0,"location":"101,Udhana,Surat,GJ,IN","hidephotos":false,"reststatus":true,"dine_in_active":false,"restaurantCost":"0","g":{"geohash":"tegb3mcvwd","geopoint":{"_latitude":21.17024,"_longitude":72.83106}},"coordinates":{"_latitude":21.17024,"_longitude":72.83106},"photo":"https://firebasestorage.googleapis.com/v0/b/foodies-3c1d9.appspot.com/o/images%2FpizzaStore_1690268570801.png?alt=media&token=36d7ac91-d58b-4652-bd2d-8b732b811fac","specialDiscount":[{"timeslot":[{"discount":"10","from":"21:50","to":"17:48","type":"percentage","discount_type":"delivery"}],"day":"Monday"},{"timeslot":[{"discount":"20","from":"02:50","to":"22:49","type":"percentage","discount_type":"delivery"}],"day":"Tuesday"},{"timeslot":[],"day":"Wednesday"},{"timeslot":[],"day":"Thursday"},{"timeslot":[],"day":"Friday"},{"timeslot":[{"discount":"5","from":"09:49","to":"20:49","type":"percentage","discount_type":"delivery"}],"day":"Saturday"},{"timeslot":[],"day":"Sunday"}],"photos":["https://firebasestorage.googleapis.com/v0/b/foodies-3c1d9.appspot.com/o/images%2Fpizza_regular_1690269341622.jpeg?alt=media&token=f36d9432-33d4-45bb-a2e1-dccf07884878","https://firebasestorage.googleapis.com/v0/b/foodies-3c1d9.appspot.com/o/images%2Fpizza3_1690269350575.jpeg?alt=media&token=52594743-0a79-4564-bbcf-31af519879ec","https://firebasestorage.googleapis.com/v0/b/foodies-3c1d9.appspot.com/o/images%2Fpizza2_1690269356822.jpeg?alt=media&token=b30c64ef-cd5e-4c35-bd16-1878d105f4d9","https://firebasestorage.googleapis.com/v0/b/foodies-3c1d9.appspot.com/o/images%2Fpizza1_1690269369375.jpeg?alt=media&token=03c68363-7e5a-42de-835a-1cd1cb311073"],"workingHours":[{"timeslot":[{"from":"08:00","to":"21:50"}],"day":"Monday"},{"timeslot":[{"from":"08:50","to":"18:50"}],"day":"Tuesday"},{"timeslot":[{"from":"07:47","to":"22:47"}],"day":"Wednesday"},{"timeslot":[],"day":"Thursday"},{"timeslot":[],"day":"Friday"},{"timeslot":[{"from":"06:47","to":"17:47"}],"day":"Saturday"},{"timeslot":[{"from":"07:00","to":"21:50"}],"day":"Sunday"}]},"CZJQcsnBY1dY5wkorEFO":{"latitude":-1.2000456882,"phonenumber":"0700331131","description":"Nyama choma","title":"Nyama Choma","photos":["https://firebasestorage.googleapis.com/v0/b/foodies-3c1d9.appspot.com/o/images%2Fpexels-photo-3997609-1024x819_1690217089200.jpeg?alt=media&token=e39d6eee-151c-4cd1-9558-d9c251cc21ee"],"enabledDiveInFuture":true,"restaurantCost":"","id":"CZJQcsnBY1dY5wkorEFO","workingHours":[{"timeslot":[],"day":"Monday"},{"timeslot":[],"day":"Tuesday"},{"timeslot":[],"day":"Wednesday"},{"timeslot":[],"day":"Thursday"},{"timeslot":[],"day":"Friday"},{"timeslot":[],"day":"Saturday"},{"timeslot":[],"day":"Sunday"}],"longitude":36.832,"restaurantMenuPhotos":[],"author":"A1mTFzkB6IZXLymKyQfKZQx1z9a2","g":{"geohash":"kzf1njs1pz","geopoint":{"_latitude":-1.2000456882,"_longitude":36.832}},"coordinates":{"_latitude":-1.2000456882,"_longitude":36.832},"photo":"https://firebasestorage.googleapis.com/v0/b/foodies-3c1d9.appspot.com/o/images%2Fnyama_1690217061171.jpg?alt=media&token=9b5945b0-8be8-480d-9e90-8596b4f458e3","filters":{"Good for Breakfast":"No","Free Wi-Fi":"No","Vegetarian Friendly":"No","Good for Lunch":"Yes","Outdoor Seating":"Yes","Good for Dinner":"Yes","Live Music":"No","Takes Reservations":"No"},"closeDineTime":"","authorProfilePic":"","openDineTime":"","authorName":"Paul M","location":"Kiambu","specialDiscount":[{"timeslot":[],"day":"Monday"},{"timeslot":[],"day":"Tuesday"},{"timeslot":[],"day":"Wednesday"},{"timeslot":[],"day":"Thursday"},{"timeslot":[],"day":"Friday"},{"timeslot":[],"day":"Saturday"},{"timeslot":[],"day":"Sunday"}],"reststatus":true,"hidephotos":false,"createdAt":{"_seconds":1690217132,"_nanoseconds":469000000},"DeliveryCharge":{"minimum_delivery_charges_within_km":2,"minimum_delivery_charges":8,"delivery_charges_per_km":2},"categoryTitle":"Sandwiches","categoryID":"64bf9b520f34f"},"GByR7uDYAImvtLBz3kzk":{"specialDiscountEnable":false,"latitude":22.9926959,"phonenumber":"9658585858","description":"test","reviewsCount":0,"title":"Mathew marble","photos":[],"categoryPhoto":"","enabledDiveInFuture":false,"createdAt":{"_seconds":1690291370,"_nanoseconds":825854000},"restaurantCost":0,"id":"GByR7uDYAImvtLBz3kzk","workingHours":[],"categoryID":"64bf9b520f34f","longitude":72.63236859999999,"DeliveryCharge":{"minimum_delivery_charges_within_km":2,"minimum_delivery_charges":8,"delivery_charges_per_km":2},"restaurantMenuPhotos":[],"author":"mzEuNWM9RnTBULIDEzYiboJyPx73","g":{"geohash":"ts5duc9q0","geopoint":{"_latitude":22.9926959,"_longitude":72.63236859999999}},"categoryTitle":"Sandwiches","coordinates":{"_latitude":0,"_longitude":0},"photo":"https://firebasestorage.googleapis.com/v0/b/foodies-3c1d9.appspot.com/o/flutter%2FuberEats%2FproductImages%2F425f5214-1b65-4348-b6ca-d8d5172e0ab4.png?alt=media&token=a1e0ad2d-8d09-4fda-880d-e773e7198bd3","filters":{"Good for Breakfast":"Yes","Free Wi-Fi":"No","Vegetarian Friendly":"No","Good for Lunch":"Yes","Outdoor Seating":"No","Good for Dinner":"Yes","Takes Reservations":"No","Live Music":"No"},"walletAmount":0,"closeDineTime":"","authorProfilePic":" ","openDineTime":"","authorName":"kung","reviewsSum":0,"specialDiscount":[],"location":"Advanced Multi-Speciality Dental Clinic (AMDC),Amraiwadi,Ahmedabad,GJ,IN","hidephotos":false,"reststatus":true,"dine_in_active":false,"fcmToken":""},"GHyGB10vSaETOOaB5nr2":{"specialDiscountEnable":false,"latitude":31.4246986,"phonenumber":"03037867867","description":"Description ","reviewsCount":0,"title":"Fine Dine","photos":[],"categoryPhoto":"","enabledDiveInFuture":false,"price":"$$$","id":"GHyGB10vSaETOOaB5nr2","fcmToken":"caS0uExDTSW5RSaJ_6FBA4:APA91bE_wlV9NNi6i9whMvUeTpwvaZtODhUC5o__J0Jz5lEPkjelNU2KsQgmWNB2P81-Jd1_OOqdDtLIKapUOJUsDP7nztrYoadmZSCTXGa1HwA8oRCUPmdBJhuBhwDANI6JIOCYeO_U","categoryID":"645b9e1a5c527","longitude":73.133505,"DeliveryCharge":{"minimum_delivery_charges_within_km":2,"minimum_delivery_charges":8,"delivery_charges_per_km":2},"restaurantMenuPhotos":[],"author":"7rd0m6qeQQNBIPLQKJDFnn4Fdhw1","categoryTitle":"Burger ","photo":"https://firebasestorage.googleapis.com/v0/b/foodies-3c1d9.appspot.com/o/flutter%2FuberEats%2FproductImages%2Fa6068581-debd-4a7a-a9ac-04386316f7cf.png?alt=media&token=0de5196e-28fa-47a5-94eb-1fd66edd88d9","filters":{"Good for Breakfast":"Yes","Free Wi-Fi":"Yes","Vegetarian Friendly":"Yes","Good for Lunch":"Yes","Outdoor Seating":"No","Good for Dinner":"Yes","Takes Reservations":"Yes","Live Music":"No"},"walletAmount":0,"closeDineTime":"","authorProfilePic":" ","openDineTime":"","authorName":"ahmad","reviewsSum":0,"location":"JD UNIFORMS,Khayaban Colony 1&2,Faisalabad,Punjab,PK","hidephotos":false,"reststatus":true,"dine_in_active":false,"restaurantCost":"0","g":{"geohash":"tts4b0wnnh","geopoint":{"_latitude":31.4246986,"_longitude":73.133505}},"coordinates":{"_latitude":31.4246986,"_longitude":73.133505},"specialDiscount":[{"timeslot":[],"day":"Monday"},{"timeslot":[],"day":"Tuesday"},{"timeslot":[],"day":"Wednesday"},{"timeslot":[],"day":"Thursday"},{"timeslot":[],"day":"Friday"},{"timeslot":[],"day":"Saturday"},{"timeslot":[],"day":"Sunday"}],"workingHours":[{"timeslot":[],"day":"Monday"},{"timeslot":[],"day":"Tuesday"},{"timeslot":[],"day":"Wednesday"},{"timeslot":[],"day":"Thursday"},{"timeslot":[],"day":"Friday"},{"timeslot":[],"day":"Saturday"},{"timeslot":[],"day":"Sunday"}],"createdAt":{"_seconds":1690282087,"_nanoseconds":603000000}},"McDuUWTqctTuLJhy1O97":{"latitude":23.022505,"phonenumber":"8596563252","description":"this is test ","photos":["https://firebasestorage.googleapis.com/v0/b/foodies-3c1d9.appspot.com/o/images%2Fpexels-engin-akyurt-2347311_1690271685349.jpg?alt=media&token=0705c2c5-ab1b-46d4-b770-e8c770920eb2","https://firebasestorage.googleapis.com/v0/b/foodies-3c1d9.appspot.com/o/images%2Fpexels-anthony-leong-2092906_1690271698583.jpg?alt=media&token=f51ce512-d332-4fff-bc66-3be503ae99cb","https://firebasestorage.googleapis.com/v0/b/foodies-3c1d9.appspot.com/o/images%2Fpexels-iina-luoto-1211887_1690271712689.jpg?alt=media&token=e79dc9ef-1ca8-4a63-95a8-c0d77ff14699"],"enabledDiveInFuture":true,"restaurantCost":"5000","id":"McDuUWTqctTuLJhy1O97","workingHours":[{"timeslot":[{"from":"08:00","to":"23:00"}],"day":"Monday"},{"timeslot":[{"from":"08:00","to":"23:00"}],"day":"Tuesday"},{"timeslot":[{"from":"08:00","to":"23:00"}],"day":"Wednesday"},{"timeslot":[{"from":"08:00","to":"23:00"}],"day":"Thursday"},{"timeslot":[{"from":"08:00","to":"23:00"}],"day":"Friday"},{"timeslot":[{"from":"08:00","to":"23:00"}],"day":"Saturday"},{"timeslot":[{"from":"08:00","to":"23:00"}],"day":"Sunday"}],"categoryID":"645b9e1a5c527","longitude":72.571365,"restaurantMenuPhotos":["https://firebasestorage.googleapis.com/v0/b/foodies-3c1d9.appspot.com/o/images%2Fpexels-kyle-roxas-2122294_1690271827872.jpg?alt=media&token=5a94ef48-19ab-4920-b5d0-de9e53a49a8a","https://firebasestorage.googleapis.com/v0/b/foodies-3c1d9.appspot.com/o/images%2Fpexels-iina-luoto-1211887_1690271839644.jpg?alt=media&token=833c80ad-fe70-4bc8-8b3f-6dc3f2004749"],"author":"gdjjWee2ppSTSDecMwfskzGrdzV2","g":{"geohash":"ts5dgrhgg3","geopoint":{"_latitude":23.022505,"_longitude":72.571365}},"categoryTitle":"PIZZAS ","coordinates":{"_latitude":23.022505,"_longitude":72.571365},"photo":"https://firebasestorage.googleapis.com/v0/b/foodies-3c1d9.appspot.com/o/images%2Fpexels-pixabay-260922_1690271663604.jpg?alt=media&token=b0f11069-db64-44fa-9fae-f07e4125e850","filters":{"Good for Breakfast":"Yes","Free Wi-Fi":"Yes","Vegetarian Friendly":"Yes","Good for Lunch":"Yes","Outdoor Seating":"No","Good for Dinner":"Yes","Live Music":"No","Takes Reservations":"No"},"closeDineTime":"8:00 AM","authorProfilePic":"https://firebasestorage.googleapis.com/v0/b/foodies-3c1d9.appspot.com/o/images%2Fdownload%20(1)_1690271608266.jpg?alt=media&token=58ba01bc-1eba-4b17-887a-510f0e5d84c9","openDineTime":"12:00 PM","authorName":"mithel switz","location":"new maninagar, ctm char rasta ","specialDiscount":[{"timeslot":[{"discount":"2","from":"12:00","to":"04:00","type":"percentage","discount_type":"delivery"}],"day":"Monday"},{"timeslot":[{"discount":"30","from":"12:00","to":"03:00","type":"amount","discount_type":"dinein"}],"day":"Tuesday"},{"timeslot":[{"discount":"50","from":"12:00","to":"01:00","type":"amount","discount_type":"delivery"}],"day":"Wednesday"},{"timeslot":[{"discount":"20","from":"08:00","to":"12:00","type":"percentage","discount_type":"delivery"}],"day":"Thursday"},{"timeslot":[{"discount":"50","from":"09:00","to":"10:00","type":"percentage","discount_type":"dinein"}],"day":"Friday"},{"timeslot":[],"day":"Saturday"},{"timeslot":[],"day":"Sunday"}],"reststatus":true,"hidephotos":false,"createdAt":{"_seconds":1690271969,"_nanoseconds":979000000},"DeliveryCharge":{"minimum_delivery_charges_within_km":2,"minimum_delivery_charges":8,"delivery_charges_per_km":2},"title":"Pizza Delight","fcmToken":"dJSGD-CKRkKuanjzKbJN8m:APA91bE5DYYcd_vC2Ko9NnsRGlZI_gq_6mMpbUBNa78pWBKZ8cARuhye8NHiFTqrMnC60hzQO3CIIcgNaKPTIgUiE2Rjtb1HsWKbNHyL2wsvh-mn7G9o6NgODGy4gxmZGuUBshaHTKB_"},"MjDs152zrY4mHQ8AynM6":{"latitude":"","phonenumber":"+919779033359","description":"","title":"","enabledDiveInFuture":false,"photos":"","createdAt":{"_seconds":1690263192,"_nanoseconds":788000000},"restaurantCost":"","id":"MjDs152zrY4mHQ8AynM6","workingHours":"","categoryID":"","longitude":"","restaurantMenuPhotos":"","author":"3C25cNN3btWqDxUiHzr4uMeDSUl2","categoryTitle":"","coordinates":"","photo":"","filters":"","closeDineTime":"","authorProfilePic":"","openDineTime":"","authorName":"Kamal Bansal","location":"","specialDiscount":"","hidephotos":false,"reststatus":false},"Pt8grZWSBwGm0YKxnsCt":{"latitude":23.02,"phonenumber":"4321678906","description":"tasty sandwiches","title":" Sanndwich 99","photos":[],"enabledDiveInFuture":false,"restaurantCost":"","id":"Pt8grZWSBwGm0YKxnsCt","workingHours":[{"timeslot":[],"day":"Monday"},{"timeslot":[{"from":"08:00","to":"20:28"}],"day":"Tuesday"},{"timeslot":[],"day":"Wednesday"},{"timeslot":[],"day":"Thursday"},{"timeslot":[],"day":"Friday"},{"timeslot":[],"day":"Saturday"},{"timeslot":[],"day":"Sunday"}],"categoryID":"64bf9b520f34f","longitude":72.57,"restaurantMenuPhotos":[],"author":"B6kFcaJ05yXf9B6uInOsryWg9oD2","g":{"geohash":"ts5dgqev5x","geopoint":{"_latitude":23.02,"_longitude":72.57}},"categoryTitle":"Sandwiches","coordinates":{"_latitude":23.02,"_longitude":72.57},"photo":"https://firebasestorage.googleapis.com/v0/b/foodies-3c1d9.appspot.com/o/images%2Fsandwitch_1690279070403.jpg?alt=media&token=b023985f-7ad4-4cff-9eb3-2116fcb29947","filters":{"Good for Breakfast":"Yes","Free Wi-Fi":"Yes","Vegetarian Friendly":"No","Good for Lunch":"No","Outdoor Seating":"No","Good for Dinner":"Yes","Live Music":"Yes","Takes Reservations":"No"},"closeDineTime":"","authorProfilePic":"https://firebasestorage.googleapis.com/v0/b/foodies-3c1d9.appspot.com/o/images%2Fprofile_1_1690278951206.png?alt=media&token=d5861d1c-f781-42ea-8440-cfffd4bd73f6","openDineTime":"","authorName":"David Richard","location":"Ahmedabad","specialDiscount":[{"timeslot":[],"day":"Monday"},{"timeslot":[],"day":"Tuesday"},{"timeslot":[],"day":"Wednesday"},{"timeslot":[],"day":"Thursday"},{"timeslot":[],"day":"Friday"},{"timeslot":[],"day":"Saturday"},{"timeslot":[],"day":"Sunday"}],"reststatus":true,"hidephotos":false,"createdAt":{"_seconds":1690279148,"_nanoseconds":747000000}},"Rk7ciYPlT8cCJsQBYqXk":{"latitude":23.014509,"phonenumber":"1231231230","description":"asdfghjkl\nqweyuiop\nzxcvbnm,","enabledDiveInFuture":false,"restaurantCost":"","id":"Rk7ciYPlT8cCJsQBYqXk","categoryID":"645fb7ffd1b19","longitude":72.591759,"restaurantMenuPhotos":[],"author":"sJiEEXBjKVRncX943ljvvhO7pDd2","g":{"geohash":"ts5dgvetnx","geopoint":{"_latitude":23.014509,"_longitude":72.591759}},"categoryTitle":"PASTA","coordinates":{"_latitude":23.014509,"_longitude":72.591759},"filters":{"Good for Breakfast":"No","Free Wi-Fi":"Yes","Vegetarian Friendly":"No","Good for Lunch":"No","Outdoor Seating":"No","Good for Dinner":"No","Live Music":"Yes","Takes Reservations":"No"},"closeDineTime":"","authorProfilePic":"","openDineTime":"","location":"Ahmedabad","hidephotos":false,"createdAt":{"_seconds":1690260204,"_nanoseconds":870000000},"DeliveryCharge":{"minimum_delivery_charges_within_km":2,"minimum_delivery_charges":8,"delivery_charges_per_km":2},"specialDiscount":[{"timeslot":[],"day":"Monday"},{"timeslot":[],"day":"Tuesday"},{"timeslot":[],"day":"Wednesday"},{"timeslot":[],"day":"Thursday"},{"timeslot":[],"day":"Friday"},{"timeslot":[],"day":"Saturday"},{"timeslot":[],"day":"Sunday"}],"photo":"https://firebasestorage.googleapis.com/v0/b/foodies-3c1d9.appspot.com/o/images%2FPastaStore_1690269025686.png?alt=media&token=473509c1-19c7-4c84-ac40-d1727d07814d","title":"Godelicious","authorName":"Jaydeep","photos":["https://firebasestorage.googleapis.com/v0/b/foodies-3c1d9.appspot.com/o/images%2Fpng-clipart-boy-holding-cone-of-ice-cream-illustration-junk-food-fast-food-hamburger-eating-cartoon-healthy-food-cartoon-food-cook-thumbnail_1690286473009.png?alt=media&token=66f92144-3b77-485a-8887-5f77b07c901a"],"reststatus":false,"workingHours":[{"timeslot":[],"day":"Monday"},{"timeslot":[{"from":"10:21","to":"23:21"}],"day":"Tuesday"},{"timeslot":[{"from":"08:00","to":"22:10"}],"day":"Wednesday"},{"timeslot":[],"day":"Thursday"},{"timeslot":[],"day":"Friday"},{"timeslot":[{"from":"10:00","to":""}],"day":"Saturday"},{"timeslot":[{"from":"10:00","to":"22:00"}],"day":"Sunday"}],"fcmToken":"e-NStqEiRvCOpHbKqYlnYX:APA91bEG9NLO95VX0jKc9jFGs8M6TzZjRl3EOVDhcDlJk5_Ghe8diGXJsAbNI1bZjJjionHY9JaDRVYDAwlqP_GpmZJLjei40qgFDcW125o51_BgmppDiu9p5P4Ph34ZCeGlmvHsvww9"},"TH3CrSrYRLfkWUNTokhl":{"latitude":49.184059,"phonenumber":"607790618","description":"Testovacka","title":"Mirkova Restaurace","photos":[],"enabledDiveInFuture":false,"restaurantCost":"","id":"TH3CrSrYRLfkWUNTokhl","categoryID":"645b9e1a5c527","longitude":15.45408,"restaurantMenuPhotos":[],"author":"IOF2nwzTDXOUH1RDAAXJLzwAySh2","g":{"geohash":"u2dzz9tmfj","geopoint":{"_latitude":49.184059,"_longitude":15.45408}},"categoryTitle":"PIZZAS ","coordinates":{"_latitude":49.184059,"_longitude":15.45408},"photo":"","filters":{"Good for Breakfast":"No","Free Wi-Fi":"Yes","Vegetarian Friendly":"No","Good for Lunch":"No","Outdoor Seating":"No","Good for Dinner":"No","Live Music":"No","Takes Reservations":"No"},"closeDineTime":"","authorProfilePic":"","openDineTime":"","location":"Telč 12","hidephotos":false,"createdAt":{"_seconds":1690248936,"_nanoseconds":114000000},"DeliveryCharge":{"minimum_delivery_charges_within_km":2,"minimum_delivery_charges":8,"delivery_charges_per_km":2},"authorName":"Mekys","specialDiscount":[{"timeslot":[],"day":"Monday"},{"timeslot":[],"day":"Tuesday"},{"timeslot":[],"day":"Wednesday"},{"timeslot":[],"day":"Thursday"},{"timeslot":[],"day":"Friday"},{"timeslot":[],"day":"Saturday"},{"timeslot":[],"day":"Sunday"}],"workingHours":[{"timeslot":[{"from":"00:00","to":"23:55"}],"day":"Monday"},{"timeslot":[{"from":"00:00","to":"23:55"}],"day":"Tuesday"},{"timeslot":[],"day":"Wednesday"},{"timeslot":[],"day":"Thursday"},{"timeslot":[],"day":"Friday"},{"timeslot":[],"day":"Saturday"},{"timeslot":[],"day":"Sunday"}],"reststatus":true},"UiJ83bANFQfHpe78qlBK":{"latitude":1,"phonenumber":"1234567890","description":"test","title":"pizza mania","photos":[],"enabledDiveInFuture":false,"restaurantCost":"","id":"UiJ83bANFQfHpe78qlBK","workingHours":[{"timeslot":[],"day":"Monday"},{"timeslot":[],"day":"Tuesday"},{"timeslot":[],"day":"Wednesday"},{"timeslot":[],"day":"Thursday"},{"timeslot":[],"day":"Friday"},{"timeslot":[],"day":"Saturday"},{"timeslot":[],"day":"Sunday"}],"categoryID":"63dc959f264ed","longitude":0.1,"restaurantMenuPhotos":[],"author":"9Kv3qv8NrpbYXSepaQBWANJ7B3r2","g":{"geohash":"s00jdq0c6j","geopoint":{"_latitude":1,"_longitude":0.1}},"categoryTitle":"Pizza","coordinates":{"_latitude":1,"_longitude":0.1},"photo":"","filters":{"Good for Breakfast":"No","Free Wi-Fi":"No","Vegetarian Friendly":"No","Good for Lunch":"No","Outdoor Seating":"No","Good for Dinner":"No","Live Music":"No","Takes Reservations":"No"},"closeDineTime":"","authorProfilePic":"","openDineTime":"","authorName":"Priya Raval","location":"ahmedabad","specialDiscount":[{"timeslot":[],"day":"Monday"},{"timeslot":[],"day":"Tuesday"},{"timeslot":[],"day":"Wednesday"},{"timeslot":[],"day":"Thursday"},{"timeslot":[],"day":"Friday"},{"timeslot":[],"day":"Saturday"},{"timeslot":[],"day":"Sunday"}],"reststatus":true,"hidephotos":false,"createdAt":{"_seconds":1690348594,"_nanoseconds":459000000}},"WqRyINuV8fuqd8g7VInG":{"specialDiscountEnable":true,"latitude":23.24724672062029,"phonenumber":"9894986414","description":"Spicy Food","reviewsCount":0,"title":"Spices","photos":[],"categoryPhoto":"","enabledDiveInFuture":true,"createdAt":{"_seconds":1690355071,"_nanoseconds":367957000},"restaurantCost":150,"id":"WqRyINuV8fuqd8g7VInG","categoryID":"63dc959f264ed","longitude":69.68422874808311,"DeliveryCharge":{"minimum_delivery_charges_within_km":2,"minimum_delivery_charges":8,"delivery_charges_per_km":2},"restaurantMenuPhotos":["https://firebasestorage.googleapis.com/v0/b/foodies-3c1d9.appspot.com/o/images%2Fburger9_1690369870524.jpg?alt=media&token=c3da9028-ca28-4bb5-b7fd-2f0619b7b635"],"author":"7ee47ntj2db4hz2j5RM7unL8cWC2","g":{"geohash":"ts1s38n900","geopoint":{"_latitude":23.24724672062029,"_longitude":69.68422874808311}},"categoryTitle":"Pizza","coordinates":{"_latitude":23.24724672062029,"_longitude":69.68422874808311},"photo":"https://firebasestorage.googleapis.com/v0/b/foodies-3c1d9.appspot.com/o/flutter%2FuberEats%2FproductImages%2F02d155b8-c375-4650-8790-95df66dd184c.png?alt=media&token=8fd9aded-a011-4217-a3c1-bd3ca10442dc","filters":{"Good for Breakfast":"Yes","Free Wi-Fi":"No","Vegetarian Friendly":"Yes","Good for Lunch":"Yes","Outdoor Seating":"No","Good for Dinner":"No","Takes Reservations":"No","Live Music":"No"},"walletAmount":0,"closeDineTime":"11:00 PM","authorProfilePic":" ","openDineTime":"9:00 AM","authorName":"Eric","reviewsSum":0,"location":"A303,Siddhapur,Bhuj,GJ,IN","specialDiscount":[{"timeslot":[],"day":"Monday"},{"timeslot":[],"day":"Tuesday"},{"timeslot":[{"discount":"10","from":"15:10","to":"23:10","type":"percentage","discount_type":"delivery"}],"day":"Wednesday"},{"timeslot":[],"day":"Thursday"},{"timeslot":[],"day":"Friday"},{"timeslot":[],"day":"Saturday"},{"timeslot":[],"day":"Sunday"}],"hidephotos":false,"reststatus":true,"dine_in_active":false,"workingHours":[{"timeslot":[],"day":"Monday"},{"timeslot":[],"day":"Tuesday"},{"timeslot":[{"from":"08:00","to":"23:00"}],"day":"Wednesday"},{"timeslot":[],"day":"Thursday"},{"timeslot":[{"from":"07:30","to":"23:00"}],"day":"Friday"},{"timeslot":[],"day":"Saturday"},{"timeslot":[],"day":"Sunday"}],"fcmToken":"eHgbcw7LTkSttpIxLKrYym:APA91bEPZnMmlpDHWP6diGgtzHKMv9XeJpyRSzP-pUyxbAsw0CKuSZos8M4nS1yvkdNklfi9q_OuHuinU0VbWUt7mYIjRFMhsLsehJa0izZD2SRMj5ByfhB2COLZe0LHDh4vy-rUfh5t"},"giMamsEguXZtp3Jzi6Jw":{"latitude":21.23201,"phonenumber":"9652387412","description":"Test","enabledDiveInFuture":false,"restaurantCost":"","id":"giMamsEguXZtp3Jzi6Jw","categoryID":"63dc959f264ed","longitude":72.904808,"restaurantMenuPhotos":[],"author":"luoViIlYW4gVSn3n2HHulP1qdMp1","g":{"geohash":"tegbfcptmj","geopoint":{"_latitude":21.23201,"_longitude":72.904808}},"categoryTitle":"Pizza","coordinates":{"_latitude":21.23201,"_longitude":72.904808},"filters":{"Good for Breakfast":"No","Free Wi-Fi":"Yes","Vegetarian Friendly":"No","Good for Lunch":"No","Outdoor Seating":"No","Good for Dinner":"No","Live Music":"No","Takes Reservations":"No"},"closeDineTime":"","authorProfilePic":"","openDineTime":"","authorName":"Test Restaurant","location":"Sarathana Jakatnaka surat","hidephotos":false,"createdAt":{"_seconds":1690257235,"_nanoseconds":428000000},"DeliveryCharge":{"minimum_delivery_charges_within_km":2,"minimum_delivery_charges":8,"delivery_charges_per_km":2},"photo":"https://firebasestorage.googleapis.com/v0/b/foodies-3c1d9.appspot.com/o/images%2FpizzaStore_1690270789262.jpg?alt=media&token=7126f3a7-7982-4dfa-8481-7069c94491af","specialDiscount":[{"timeslot":[],"day":"Monday"},{"timeslot":[],"day":"Tuesday"},{"timeslot":[],"day":"Wednesday"},{"timeslot":[],"day":"Thursday"},{"timeslot":[],"day":"Friday"},{"timeslot":[],"day":"Saturday"},{"timeslot":[],"day":"Sunday"}],"title":"The Pizza Store","photos":["https://firebasestorage.googleapis.com/v0/b/foodies-3c1d9.appspot.com/o/images%2Fpizza2_1690270817731.jpeg?alt=media&token=e9d5bf2e-daf5-430d-900c-301355f81937","https://firebasestorage.googleapis.com/v0/b/foodies-3c1d9.appspot.com/o/images%2Fpizza3_1690270824228.jpeg?alt=media&token=464ec361-59a8-4d34-83ec-5a5a247331f3","https://firebasestorage.googleapis.com/v0/b/foodies-3c1d9.appspot.com/o/images%2Fpizza1_1690270831790.jpeg?alt=media&token=6baadda9-d2aa-4bbb-a979-9cddbae83a97"],"reststatus":true,"workingHours":[{"timeslot":[],"day":"Monday"},{"timeslot":[{"from":"02:00","to":"12:00"}],"day":"Tuesday"},{"timeslot":[],"day":"Wednesday"},{"timeslot":[],"day":"Thursday"},{"timeslot":[],"day":"Friday"},{"timeslot":[],"day":"Saturday"},{"timeslot":[],"day":"Sunday"}]},"kiDeI9fINtv8eOASeknp":{"latitude":22.564518,"phonenumber":"8596562363","description":"italian amazing food services","title":"Foodie  Italian Cafe","photos":["https://firebasestorage.googleapis.com/v0/b/foodies-3c1d9.appspot.com/o/images%2FRisotto_1690530099427.webp?alt=media&token=6222dba0-c09b-48e5-a2f0-6dd5380443a1","https://firebasestorage.googleapis.com/v0/b/foodies-3c1d9.appspot.com/o/images%2FEspaguetis_carbonara_1690530110106.jpg?alt=media&token=fce0ce31-4855-41d3-b67b-84076a9d7321"],"enabledDiveInFuture":false,"restaurantCost":"","id":"kiDeI9fINtv8eOASeknp","workingHours":[{"timeslot":[{"from":"08:00","to":"22:00"}],"day":"Monday"},{"timeslot":[{"from":"09:00","to":"08:00"}],"day":"Tuesday"},{"timeslot":[{"from":"12:00","to":"23:00"}],"day":"Wednesday"},{"timeslot":[{"from":"10:00","to":"22:00"}],"day":"Thursday"},{"timeslot":[{"from":"08:00","to":"15:00"}],"day":"Friday"},{"timeslot":[],"day":"Saturday"},{"timeslot":[],"day":"Sunday"}],"categoryID":"64bfa2f1751bc","longitude":72.928871,"restaurantMenuPhotos":[],"author":"1bT9f1ehLUVYAdjhNAR2CjrDfnE3","g":{"geohash":"ts5b7e9pvg","geopoint":{"_latitude":22.564518,"_longitude":72.928871}},"categoryTitle":"Maggi","coordinates":{"_latitude":22.564518,"_longitude":72.928871},"photo":"https://firebasestorage.googleapis.com/v0/b/foodies-3c1d9.appspot.com/o/images%2Fth%20(1)_1690529867810.jpg?alt=media&token=0b542881-1628-4286-9f44-3a60177200fd","filters":{"Good for Breakfast":"Yes","Free Wi-Fi":"Yes","Vegetarian Friendly":"Yes","Good for Lunch":"Yes","Outdoor Seating":"Yes","Good for Dinner":"Yes","Live Music":"Yes","Takes Reservations":"Yes"},"closeDineTime":"","authorProfilePic":"https://firebasestorage.googleapis.com/v0/b/foodies-3c1d9.appspot.com/o/images%2Fth_1690529776116.jpg?alt=media&token=dc94494f-261b-471b-9705-4deed697346c","openDineTime":"","authorName":"jinal macwan","location":"amul dairy roaad","specialDiscount":[{"timeslot":[],"day":"Monday"},{"timeslot":[],"day":"Tuesday"},{"timeslot":[],"day":"Wednesday"},{"timeslot":[],"day":"Thursday"},{"timeslot":[],"day":"Friday"},{"timeslot":[],"day":"Saturday"},{"timeslot":[],"day":"Sunday"}],"reststatus":true,"hidephotos":false,"createdAt":{"_seconds":1690530290,"_nanoseconds":113000000}},"oJKsfFlUN7QKNuRLlZ1p":{"phonenumber":"45345345","description":"3453453453","title":"saeed","photos":[],"enabledDiveInFuture":false,"restaurantCost":"","id":"oJKsfFlUN7QKNuRLlZ1p","categoryID":"63dc959f264ed","restaurantMenuPhotos":[],"author":"BqyRp2b6H6dNJxvAeAuTu2ft6rD2","categoryTitle":"Pizza","photo":"","filters":{"Good for Breakfast":"Yes","Free Wi-Fi":"Yes","Vegetarian Friendly":"No","Good for Lunch":"No","Outdoor Seating":"No","Good for Dinner":"Yes","Live Music":"No","Takes Reservations":"No"},"closeDineTime":"","authorProfilePic":"https://firebasestorage.googleapis.com/v0/b/foodies-3c1d9.appspot.com/o/images%2Fe69003d3d5e46cc6a1131aa3d110bfc8_1690363505100.jpeg?alt=media&token=5ea83ddc-7cb6-4107-8a5a-278b7df85a9a","openDineTime":"","location":"Nadd al hamar/ villa 28","hidephotos":false,"reststatus":false,"createdAt":{"_seconds":1690364923,"_nanoseconds":953000000},"DeliveryCharge":{"minimum_delivery_charges_within_km":2,"minimum_delivery_charges":8,"delivery_charges_per_km":2},"authorName":"saeed","g":{"geohash":"tegb3mcvwd","geopoint":{"_latitude":21.17024,"_longitude":72.83106}},"latitude":21.17024,"coordinates":{"_latitude":21.17024,"_longitude":72.83106},"specialDiscount":[{"timeslot":[],"day":"Monday"},{"timeslot":[],"day":"Tuesday"},{"timeslot":[],"day":"Wednesday"},{"timeslot":[],"day":"Thursday"},{"timeslot":[],"day":"Friday"},{"timeslot":[],"day":"Saturday"},{"timeslot":[],"day":"Sunday"}],"workingHours":[{"timeslot":[],"day":"Monday"},{"timeslot":[],"day":"Tuesday"},{"timeslot":[],"day":"Wednesday"},{"timeslot":[],"day":"Thursday"},{"timeslot":[],"day":"Friday"},{"timeslot":[],"day":"Saturday"},{"timeslot":[],"day":"Sunday"}],"longitude":72.83106},"oOQT5nzDtrSvksX9gT7s":{"latitude":23.014509,"phonenumber":"8866469533","description":"abcdefghi\njklmnopqr\nstuvwxyz","photos":[],"enabledDiveInFuture":false,"restaurantCost":"","id":"oOQT5nzDtrSvksX9gT7s","categoryID":"64b0d7526a68f","longitude":72.591759,"restaurantMenuPhotos":[],"author":"D5CjohSjd3RgHGByg5vkPJ5WLfD3","g":{"geohash":"ts5dgvetnx","geopoint":{"_latitude":23.014509,"_longitude":72.591759}},"categoryTitle":"Fries","coordinates":{"_latitude":23.014509,"_longitude":72.591759},"filters":{"Good for Breakfast":"No","Free Wi-Fi":"Yes","Vegetarian Friendly":"No","Good for Lunch":"No","Outdoor Seating":"No","Good for Dinner":"No","Live Music":"Yes","Takes Reservations":"No"},"closeDineTime":"","authorProfilePic":"","openDineTime":"","authorName":"Jay Mark","location":"Ahmedabad","hidephotos":false,"createdAt":{"_seconds":1690205247,"_nanoseconds":300000000},"fcmToken":"","DeliveryCharge":{"minimum_delivery_charges_within_km":2,"minimum_delivery_charges":8,"delivery_charges_per_km":2},"reststatus":true,"photo":"https://firebasestorage.googleapis.com/v0/b/foodies-3c1d9.appspot.com/o/images%2FFiresStore_1690268826437.jpg?alt=media&token=b3dbe2bc-ac38-4e26-85f1-1381fa2018d3","title":"JD's Fast Food","specialDiscount":[{"timeslot":[],"day":"Monday"},{"timeslot":[],"day":"Tuesday"},{"timeslot":[],"day":"Wednesday"},{"timeslot":[],"day":"Thursday"},{"timeslot":[],"day":"Friday"},{"timeslot":[{"discount":"10","from":"08:00","to":"20:00","type":"percentage","discount_type":"delivery"}],"day":"Saturday"},{"timeslot":[{"discount":"10","from":"08:00","to":"","type":"percentage","discount_type":"delivery"}],"day":"Sunday"}],"workingHours":[{"timeslot":[],"day":"Monday"},{"timeslot":[],"day":"Tuesday"},{"timeslot":[{"from":"08:00","to":"20:00"}],"day":"Wednesday"},{"timeslot":[],"day":"Thursday"},{"timeslot":[{"from":"08:00","to":"20:00"}],"day":"Friday"},{"timeslot":[{"from":"08:00","to":"20:00"}],"day":"Saturday"},{"timeslot":[{"from":"08:00","to":"20:00"}],"day":"Sunday"}]},"qLosdOdOpIZcIGKLxhID":{"latitude":28.62664,"phonenumber":"8899021313","description":"this is ksbm infotech","title":"ksbm","photos":[],"enabledDiveInFuture":true,"restaurantCost":"100","id":"qLosdOdOpIZcIGKLxhID","categoryID":"644204155f3f4","longitude":77.384804,"restaurantMenuPhotos":[],"author":"cfw72pje5EfBV2j4hg3K0YhuMdb2","g":{"geohash":"ttp4bgmfk8","geopoint":{"_latitude":28.62664,"_longitude":77.384804}},"categoryTitle":"Alcohol","coordinates":{"_latitude":28.62664,"_longitude":77.384804},"photo":"","filters":{"Good for Breakfast":"Yes","Free Wi-Fi":"Yes","Vegetarian Friendly":"No","Good for Lunch":"No","Outdoor Seating":"No","Good for Dinner":"No","Live Music":"No","Takes Reservations":"No"},"closeDineTime":"12:44 AM","authorProfilePic":"","openDineTime":"12:44 PM","authorName":"Balvinder Singh","location":"Noida","specialDiscount":[{"timeslot":[],"day":"Monday"},{"timeslot":[],"day":"Tuesday"},{"timeslot":[],"day":"Wednesday"},{"timeslot":[],"day":"Thursday"},{"timeslot":[],"day":"Friday"},{"timeslot":[],"day":"Saturday"},{"timeslot":[],"day":"Sunday"}],"reststatus":true,"hidephotos":false,"createdAt":{"_seconds":1690273014,"_nanoseconds":197000000},"DeliveryCharge":{"minimum_delivery_charges_within_km":2,"minimum_delivery_charges":8,"delivery_charges_per_km":2},"workingHours":[{"timeslot":[{"from":"","to":"12:09"}],"day":"Monday"},{"timeslot":[{"from":"12:44","to":"00:44"}],"day":"Tuesday"},{"timeslot":[],"day":"Wednesday"},{"timeslot":[],"day":"Thursday"},{"timeslot":[],"day":"Friday"},{"timeslot":[],"day":"Saturday"},{"timeslot":[{"from":"12:44","to":"00:44"}],"day":"Sunday"}]},"tf2ZPwxH2qRKvMdeyqeW":{"latitude":22.7196,"phonenumber":"9340002156","description":"dfkgmrkgm","title":"Raj Resturent","photos":[],"enabledDiveInFuture":false,"restaurantCost":"","id":"tf2ZPwxH2qRKvMdeyqeW","workingHours":[{"timeslot":[],"day":"Monday"},{"timeslot":[],"day":"Tuesday"},{"timeslot":[],"day":"Wednesday"},{"timeslot":[],"day":"Thursday"},{"timeslot":[],"day":"Friday"},{"timeslot":[],"day":"Satuarday"},{"timeslot":[],"day":"Sunday"}],"categoryID":"63dc959f264ed","longitude":75.8577,"restaurantMenuPhotos":[],"author":"KysOUnBduOf9fUezpDdAmjgAp6k2","g":{"geohash":"tsjcnpvzk8","geopoint":{"_latitude":22.7196,"_longitude":75.8577}},"categoryTitle":"Pizza","coordinates":{"_latitude":22.7196,"_longitude":75.8577},"photo":"","filters":{"Good for Breakfast":"No","Free Wi-Fi":"No","Vegetarian Friendly":"No","Good for Lunch":"No","Outdoor Seating":"No","Good for Dinner":"No","Live Music":"No","Takes Reservations":"No"},"closeDineTime":"","authorProfilePic":"","openDineTime":"","authorName":"Ram Kumar","location":"delhi","specialDiscount":[{"timeslot":[],"day":"Monday"},{"timeslot":[],"day":"Tuesday"},{"timeslot":[],"day":"Wednesday"},{"timeslot":[],"day":"Thursday"},{"timeslot":[],"day":"Friday"},{"timeslot":[],"day":"Satuarday"},{"timeslot":[],"day":"Sunday"}],"hidephotos":false,"reststatus":false,"createdAt":{"_seconds":1690529209,"_nanoseconds":557000000},"fcmToken":""}}}