{"wallet":{"00IgTS4pIrYgutpXVRWp":{"note":"by admin","transactionUser":"driver","amount":100,"user_id":"rTqYQhAXOQgBw9jKitBHmYr9vTu2","payment_status":"success","isTopUp":true,"id":"00IgTS4pIrYgutpXVRWp","order_id":"","payment_method":"Wallet","date":{"_seconds":1690378018,"_nanoseconds":592000000}},"0c2DdgNsryaCPAesGrDy":{"transactionUser":"vendor","amount":12.6,"user_id":"gdjjWee2ppSTSDecMwfskzGrdzV2","payment_status":"success","isTopUp":true,"id":"0c2DdgNsryaCPAesGrDy","order_id":"64bff9ed67070","payment_method":"Wallet","date":{"_seconds":1690525068,"_nanoseconds":980000000}},"0h0Z2zhhM4CQIHTRe6Bn":{"date":{"_seconds":1690376814,"_nanoseconds":227564000},"transactionUser":"user","amount":207.06,"user_id":"XTQ7iU0nX0c7uJEezESnxeHKEq92","payment_status":"success","isTopUp":false,"id":"0h0Z2zhhM4CQIHTRe6Bn","order_id":"BYGOH8mbwq5YItUEas0F","payment_method":"Wallet"},"199ceef8-7dd9-4591-bad2-dab0e61f73f6":{"date":{"_seconds":1690377724,"_nanoseconds":778131000},"transactionUser":"vendor","amount":55.566,"user_id":"7ee47ntj2db4hz2j5RM7unL8cWC2","payment_status":"success","isTopUp":true,"id":"199ceef8-7dd9-4591-bad2-dab0e61f73f6","order_id":"64c11d24e0503","payment_method":"Wallet"},"24ZEY1MMyqw3mElEZu0d":{"date":{"_seconds":1690375988,"_nanoseconds":926451000},"transactionUser":"user","amount":500,"user_id":"XTQ7iU0nX0c7uJEezESnxeHKEq92","payment_status":"success","isTopUp":true,"id":"24ZEY1MMyqw3mElEZu0d","order_id":"","payment_method":"Stripe"},"27d1f693-7f78-4cdc-9437-150bdaff6a33":{"date":{"_seconds":1690376479,"_nanoseconds":788070000},"transactionUser":"vendor","amount":100.8,"user_id":"7ee47ntj2db4hz2j5RM7unL8cWC2","payment_status":"success","isTopUp":true,"id":"27d1f693-7f78-4cdc-9437-150bdaff6a33","order_id":"64c1081b37221","payment_method":"Wallet"},"2Eran8P7xandlGNrs0dl":{"transactionUser":"vendor","user_id":"7ee47ntj2db4hz2j5RM7unL8cWC2","payment_status":"success","isTopUp":false,"id":"2Eran8P7xandlGNrs0dl","order_id":"64c1095f448a7","payment_method":"Wallet","date":{"_seconds":1690372558,"_nanoseconds":247000000},"amount":6.62},"2d0dcbbf-399e-400f-961b-075d551b6ec1":{"date":{"_seconds":1690350074,"_nanoseconds":845322000},"transactionUser":"vendor","amount":43.5,"user_id":"rrSlGz0IyVWvee8ZX2quWag2m9t2","payment_status":"success","isTopUp":false,"id":"2d0dcbbf-399e-400f-961b-075d551b6ec1","order_id":"mjtEWR8YwhjlRiiGpSMO","payment_method":"Wallet"},"2eecbb1a-e66e-49aa-8433-677d22be91fd":{"date":{"_seconds":1690526361,"_nanoseconds":405287000},"transactionUser":"vendor","amount":249.48000000000002,"user_id":"7ee47ntj2db4hz2j5RM7unL8cWC2","payment_status":"success","isTopUp":true,"id":"2eecbb1a-e66e-49aa-8433-677d22be91fd","order_id":"O8nWYHf0LP8RN2DGTCGy","payment_method":"Wallet"},"32a63e47-3239-4f8a-b1cb-e37ee9e05a91":{"date":{"_seconds":1690524914,"_nanoseconds":145954000},"transactionUser":"vendor","amount":224.28,"user_id":"7ee47ntj2db4hz2j5RM7unL8cWC2","payment_status":"success","isTopUp":true,"id":"32a63e47-3239-4f8a-b1cb-e37ee9e05a91","order_id":"4oNFZzHQx5f5YeSg7QcZ","payment_method":"Wallet"},"3dVLg1UZMUPbz6sq0EFW":{"transactionUser":"vendor","user_id":"gdjjWee2ppSTSDecMwfskzGrdzV2","payment_status":"success","isTopUp":true,"id":"3dVLg1UZMUPbz6sq0EFW","order_id":"64bfc016b34a0","payment_method":"Wallet","date":{"_seconds":1690288681,"_nanoseconds":565000000},"amount":834.12},"3gElUBekCTk2invSfAqf":{"transactionUser":"vendor","amount":12.6,"user_id":"gdjjWee2ppSTSDecMwfskzGrdzV2","payment_status":"success","isTopUp":true,"id":"3gElUBekCTk2invSfAqf","order_id":"64c35db6f3cd0","payment_method":"Wallet","date":{"_seconds":1690525143,"_nanoseconds":724000000}},"4QsQWu15Rx77PXn624rV":{"transactionUser":"vendor","amount":100.8,"user_id":"7ee47ntj2db4hz2j5RM7unL8cWC2","payment_status":"success","isTopUp":true,"id":"4QsQWu15Rx77PXn624rV","order_id":"Bzvv7XW0kDJgSSieUJtI","payment_method":"Wallet","date":{"_seconds":1690523433,"_nanoseconds":562000000}},"4yXENHWxa0xAYqRUV3Bx":{"date":{"_seconds":1690521579,"_nanoseconds":975059000},"transactionUser":"user","amount":201.6,"user_id":"XTQ7iU0nX0c7uJEezESnxeHKEq92","payment_status":"success","isTopUp":false,"id":"4yXENHWxa0xAYqRUV3Bx","order_id":"BE6vsglvTg7iQbUb3LZ0","payment_method":"Wallet"},"58bae3d6-8992-488b-a82b-3c0d6299c332":{"date":{"_seconds":1690524914,"_nanoseconds":692385000},"transactionUser":"vendor","amount":26.7,"user_id":"7ee47ntj2db4hz2j5RM7unL8cWC2","payment_status":"success","isTopUp":false,"id":"58bae3d6-8992-488b-a82b-3c0d6299c332","order_id":"4oNFZzHQx5f5YeSg7QcZ","payment_method":"Wallet"},"5VY8PY9Nrst6VMDS6Hrb":{"date":{"_seconds":1690375334,"_nanoseconds":164473000},"transactionUser":"user","amount":50,"user_id":"vpDRh4MGHwc0UuoXX9lIrlGfKiC2","payment_status":"success","isTopUp":true,"id":"5VY8PY9Nrst6VMDS6Hrb","order_id":"","payment_method":"Stripe"},"5dc9fada-ba0f-4d87-a5d2-d71a2f44c9c5":{"date":{"_seconds":1690376867,"_nanoseconds":590337000},"transactionUser":"vendor","amount":21.6,"user_id":"7ee47ntj2db4hz2j5RM7unL8cWC2","payment_status":"success","isTopUp":false,"id":"5dc9fada-ba0f-4d87-a5d2-d71a2f44c9c5","order_id":"BYGOH8mbwq5YItUEas0F","payment_method":"Wallet"},"5faa4742-ab3d-49de-ab91-14dd7c6b6e5a":{"date":{"_seconds":1690376480,"_nanoseconds":301894000},"transactionUser":"vendor","amount":0,"user_id":"7ee47ntj2db4hz2j5RM7unL8cWC2","payment_status":"success","isTopUp":false,"id":"5faa4742-ab3d-49de-ab91-14dd7c6b6e5a","order_id":"64c1081b37221","payment_method":"Wallet"},"64f7ecbc-ede5-4a06-a1d8-524178c2f18e":{"date":{"_seconds":1690374801,"_nanoseconds":954143000},"transactionUser":"vendor","amount":13.365,"user_id":"7ee47ntj2db4hz2j5RM7unL8cWC2","payment_status":"success","isTopUp":false,"id":"64f7ecbc-ede5-4a06-a1d8-524178c2f18e","order_id":"QHcJsmZuiO8dm9hljG9I","payment_method":"Wallet"},"67M9RS4ClxXZhwu8PXQb":{"date":{"_seconds":1690524858,"_nanoseconds":918981000},"transactionUser":"user","amount":239.74,"user_id":"XTQ7iU0nX0c7uJEezESnxeHKEq92","payment_status":"success","isTopUp":false,"id":"67M9RS4ClxXZhwu8PXQb","order_id":"4oNFZzHQx5f5YeSg7QcZ","payment_method":"Wallet"},"6ec68ea2-0838-40ab-a378-6c31d6861aac":{"date":{"_seconds":1690374361,"_nanoseconds":120280000},"transactionUser":"vendor","amount":111.132,"user_id":"7ee47ntj2db4hz2j5RM7unL8cWC2","payment_status":"success","isTopUp":true,"id":"6ec68ea2-0838-40ab-a378-6c31d6861aac","order_id":"SasvsxowKStBZ04Vt3p9","payment_method":"Wallet"},"7b971149-ca14-4e0b-b255-257795cb6b27":{"date":{"_seconds":1690459830,"_nanoseconds":835381000},"transactionUser":"vendor","amount":239.4,"user_id":"AJgVqw6SJxdKxZly85EF6LfztSj2","payment_status":"success","isTopUp":true,"id":"7b971149-ca14-4e0b-b255-257795cb6b27","order_id":"Iv4G6asKsRjXl0StyuBx","payment_method":"Wallet"},"7rjr64AdS6L68eCaYjXS":{"date":{"_seconds":1690482599,"_nanoseconds":999000000},"amount":27.78,"user_id":"vpDRh4MGHwc0UuoXX9lIrlGfKiC2","payment_status":"success","id":"7rjr64AdS6L68eCaYjXS","payment_method":"Cancelled Order Payment"},"82cc06c9-c8e5-47ff-a487-aa30dcc9de5a":{"date":{"_seconds":1690377267,"_nanoseconds":827896000},"transactionUser":"vendor","amount":10.8,"user_id":"7ee47ntj2db4hz2j5RM7unL8cWC2","payment_status":"success","isTopUp":false,"id":"82cc06c9-c8e5-47ff-a487-aa30dcc9de5a","order_id":"64c11bbf18887","payment_method":"Wallet"},"8BwslWDL7xqqxCKoDFul":{"transactionUser":"vendor","user_id":"7ee47ntj2db4hz2j5RM7unL8cWC2","payment_status":"success","isTopUp":true,"id":"8BwslWDL7xqqxCKoDFul","order_id":"64c1095f448a7","payment_method":"Wallet","date":{"_seconds":1690372557,"_nanoseconds":902000000},"amount":55.57},"900e46c8-bad3-4832-82bd-b869d79c5d60":{"date":{"_seconds":1690526361,"_nanoseconds":918637000},"transactionUser":"vendor","amount":29.7,"user_id":"7ee47ntj2db4hz2j5RM7unL8cWC2","payment_status":"success","isTopUp":false,"id":"900e46c8-bad3-4832-82bd-b869d79c5d60","order_id":"O8nWYHf0LP8RN2DGTCGy","payment_method":"Wallet"},"9fc2f3e0-1ab2-4d06-b83a-643f85789d8f":{"date":{"_seconds":1690374361,"_nanoseconds":627659000},"transactionUser":"vendor","amount":13.23,"user_id":"7ee47ntj2db4hz2j5RM7unL8cWC2","payment_status":"success","isTopUp":false,"id":"9fc2f3e0-1ab2-4d06-b83a-643f85789d8f","order_id":"SasvsxowKStBZ04Vt3p9","payment_method":"Wallet"},"CL39K2fQPBBvZU2UP3CL":{"transactionUser":"vendor","user_id":"IOF2nwzTDXOUH1RDAAXJLzwAySh2","payment_status":"success","isTopUp":true,"id":"CL39K2fQPBBvZU2UP3CL","order_id":"64bf29551c98e","payment_method":"Wallet","date":{"_seconds":1690249601,"_nanoseconds":474000000},"amount":2},"EAo3a53NAxPDMAtXit0N":{"transactionUser":"vendor","user_id":"IOF2nwzTDXOUH1RDAAXJLzwAySh2","payment_status":"success","isTopUp":false,"id":"EAo3a53NAxPDMAtXit0N","order_id":"64bf29551c98e","payment_method":"Wallet","date":{"_seconds":1690250861,"_nanoseconds":479000000},"amount":0.3},"EKvdiNHi21lmUQHeffa2":{"transactionUser":"vendor","amount":"541.80","user_id":"gdjjWee2ppSTSDecMwfskzGrdzV2","payment_status":"success","isTopUp":true,"id":"EKvdiNHi21lmUQHeffa2","order_id":"64c210f47c602","payment_method":"Wallet","date":{"_seconds":1690441252,"_nanoseconds":673000000}},"G1RgHKcnarAmNyfKUUq1":{"transactionUser":"vendor","user_id":"7ee47ntj2db4hz2j5RM7unL8cWC2","payment_status":"success","isTopUp":true,"id":"G1RgHKcnarAmNyfKUUq1","order_id":"64c0cdb91e8b3","payment_method":"Wallet","date":{"_seconds":1690358681,"_nanoseconds":414000000},"amount":61.74},"GHlyuAKs6nCSJKX2w1SE":{"note":"","user_id":"cm9EcuLDfgO024XDk0meuVwh5482","payment_status":"success","isTopUp":true,"id":"GHlyuAKs6nCSJKX2w1SE","order_id":"","payment_method":"Wallet","date":{"_seconds":1690268725,"_nanoseconds":846000000},"amount":222,"transactionUser":"driver"},"IGURwTDldiLdKxFdT13j":{"note":"by admin","transactionUser":"vendor","amount":100,"user_id":"7ee47ntj2db4hz2j5RM7unL8cWC2","payment_status":"success","isTopUp":true,"id":"IGURwTDldiLdKxFdT13j","order_id":"","payment_method":"Wallet","date":{"_seconds":1690377835,"_nanoseconds":138000000}},"IK1FPViGvL1BmIyUFSmp":{"transactionUser":"vendor","amount":112.14,"user_id":"7ee47ntj2db4hz2j5RM7unL8cWC2","payment_status":"success","isTopUp":true,"id":"IK1FPViGvL1BmIyUFSmp","order_id":"GszgITIu8jJgRlVMltGg","payment_method":"Wallet","date":{"_seconds":1690526132,"_nanoseconds":280000000}},"IoJswCrFudoi4IARUjYi":{"transactionUser":"vendor","user_id":"gdjjWee2ppSTSDecMwfskzGrdzV2","payment_status":"success","isTopUp":false,"id":"IoJswCrFudoi4IARUjYi","order_id":"64bff9ed67070","payment_method":"Wallet","date":{"_seconds":1690303075,"_nanoseconds":28000000},"amount":1.5},"ItiktTLKK8qycpS5BiPA":{"note":"","user_id":"1wShXOOVHETCVjdb78Dky9vaMbj1","payment_status":"success","isTopUp":true,"id":"ItiktTLKK8qycpS5BiPA","order_id":"","payment_method":"Wallet","date":{"_seconds":1690351511,"_nanoseconds":537000000},"amount":2000,"transactionUser":"user"},"JFlUC6Fo2hsoCEtbipl9":{"transactionUser":"vendor","amount":"10.80","user_id":"7ee47ntj2db4hz2j5RM7unL8cWC2","payment_status":"success","isTopUp":false,"id":"JFlUC6Fo2hsoCEtbipl9","order_id":"mfJwtjok9jelO3BRDILi","payment_method":"Wallet","date":{"_seconds":1690375724,"_nanoseconds":544000000}},"LLx0vOs1oA55fqtnFfsc":{"transactionUser":"vendor","user_id":"IOF2nwzTDXOUH1RDAAXJLzwAySh2","payment_status":"success","isTopUp":true,"id":"LLx0vOs1oA55fqtnFfsc","order_id":"64bf29551c98e","payment_method":"Wallet","date":{"_seconds":1690250861,"_nanoseconds":271000000},"amount":10},"LY3JVs5Kicy41D9W2bzk":{"note":"","user_id":"rlOyIvxHnrg8OCZWKhamldhrM7D3","payment_status":"success","isTopUp":true,"id":"LY3JVs5Kicy41D9W2bzk","order_id":"","payment_method":"Wallet","date":{"_seconds":1690282654,"_nanoseconds":876000000},"amount":23,"transactionUser":"user"},"LYU7FNkGtmsgrbjPyoK1":{"transactionUser":"vendor","amount":284.72,"user_id":"7ee47ntj2db4hz2j5RM7unL8cWC2","payment_status":"success","isTopUp":true,"id":"LYU7FNkGtmsgrbjPyoK1","order_id":"O8nWYHf0LP8RN2DGTCGy","payment_method":"Wallet","date":{"_seconds":1690526019,"_nanoseconds":202000000}},"LaNsWwP9mf8SdtNPvRqt":{"note":"top up","user_id":"1OI7Ge9lYIRlQ5Lpq2xfzBlFYPr2","payment_status":"success","isTopUp":true,"id":"LaNsWwP9mf8SdtNPvRqt","order_id":"","payment_method":"Wallet","date":{"_seconds":1690278361,"_nanoseconds":906000000},"amount":3000,"transactionUser":"driver"},"Lgs00ok2pbpruj9qCEq5":{"transactionUser":"vendor","amount":13.35,"user_id":"7ee47ntj2db4hz2j5RM7unL8cWC2","payment_status":"success","isTopUp":false,"id":"Lgs00ok2pbpruj9qCEq5","order_id":"rGbW8NSqrELOB6GD4ZH7","payment_method":"Wallet","date":{"_seconds":1690524372,"_nanoseconds":124000000}},"LtpJwpWUbgIp1lCt80V9":{"transactionUser":"vendor","amount":1.5,"user_id":"gdjjWee2ppSTSDecMwfskzGrdzV2","payment_status":"success","isTopUp":false,"id":"LtpJwpWUbgIp1lCt80V9","order_id":"64c35db6f3cd0","payment_method":"Wallet","date":{"_seconds":1690525285,"_nanoseconds":463000000}},"LurM1b3eBiFnkHHtVa1N":{"note":"","user_id":"rlOyIvxHnrg8OCZWKhamldhrM7D3","payment_status":"success","isTopUp":true,"id":"LurM1b3eBiFnkHHtVa1N","order_id":"","payment_method":"Wallet","date":{"_seconds":1690282647,"_nanoseconds":603000000},"amount":23,"transactionUser":"user"},"M0U474jMolrxQ2WWGcJK":{"transactionUser":"vendor","user_id":"gdjjWee2ppSTSDecMwfskzGrdzV2","payment_status":"success","isTopUp":true,"id":"M0U474jMolrxQ2WWGcJK","order_id":"64bff9ed67070","payment_method":"Wallet","date":{"_seconds":1690303074,"_nanoseconds":531000000},"amount":20.6},"MgZWGqodLcYPLeOXPzRP":{"transactionUser":"vendor","amount":24,"user_id":"7ee47ntj2db4hz2j5RM7unL8cWC2","payment_status":"success","isTopUp":false,"id":"MgZWGqodLcYPLeOXPzRP","order_id":"BE6vsglvTg7iQbUb3LZ0","payment_method":"Wallet","date":{"_seconds":1690522972,"_nanoseconds":211000000}},"My6s7ffBF5exxaRjJSEN":{"transactionUser":"vendor","user_id":"gdjjWee2ppSTSDecMwfskzGrdzV2","payment_status":"success","isTopUp":false,"id":"My6s7ffBF5exxaRjJSEN","order_id":"64bfc016b34a0","payment_method":"Wallet","date":{"_seconds":1690288681,"_nanoseconds":940000000},"amount":99.3},"NH2pJxMXhWX930skxVMF":{"note":"topup","user_id":"gdjjWee2ppSTSDecMwfskzGrdzV2","payment_status":"success","isTopUp":true,"id":"NH2pJxMXhWX930skxVMF","order_id":"","payment_method":"Wallet","date":{"_seconds":1690272024,"_nanoseconds":109000000},"amount":50000,"transactionUser":"vendor"},"NZUdCo3VT30hphIJ5CTD":{"transactionUser":"vendor","amount":14.85,"user_id":"7ee47ntj2db4hz2j5RM7unL8cWC2","payment_status":"success","isTopUp":false,"id":"NZUdCo3VT30hphIJ5CTD","order_id":"O8vuI3W7xk1mkxk9hu83","payment_method":"Wallet","date":{"_seconds":1690523627,"_nanoseconds":855000000}},"O8kafF63tilEopSwyaQo":{"transactionUser":"vendor","user_id":"gdjjWee2ppSTSDecMwfskzGrdzV2","payment_status":"success","isTopUp":false,"id":"O8kafF63tilEopSwyaQo","order_id":"64bfc016b34a0","payment_method":"Wallet","date":{"_seconds":1690288270,"_nanoseconds":604000000},"amount":99.3},"OZVJsaiAwPoRP6Z1GDv2":{"note":"topup from admin","user_id":"u3dmJ8eIXHNZoOClpf4WAONBj6y2","payment_status":"success","isTopUp":true,"id":"OZVJsaiAwPoRP6Z1GDv2","order_id":"","payment_method":"Wallet","date":{"_seconds":1690271318,"_nanoseconds":767000000},"amount":5000,"transactionUser":"user"},"Pe9GMzdjDZTGB1OER8GG":{"transactionUser":"vendor","amount":"1.50","user_id":"gdjjWee2ppSTSDecMwfskzGrdzV2","payment_status":"success","isTopUp":false,"id":"Pe9GMzdjDZTGB1OER8GG","order_id":"64c20eb2b4508","payment_method":"Wallet","date":{"_seconds":1690439405,"_nanoseconds":344000000}},"R0Hb4GQcEItVpbHaPZbx":{"transactionUser":"vendor","user_id":"gdjjWee2ppSTSDecMwfskzGrdzV2","payment_status":"success","isTopUp":false,"id":"R0Hb4GQcEItVpbHaPZbx","order_id":"64bfc016b34a0","payment_method":"Wallet","date":{"_seconds":1690289100,"_nanoseconds":505000000},"amount":99.3},"RLmvBTOHKy9StO5bQJTu":{"note":"","user_id":"vpDRh4MGHwc0UuoXX9lIrlGfKiC2","payment_status":"success","isTopUp":true,"id":"RLmvBTOHKy9StO5bQJTu","order_id":"","payment_method":"Wallet","date":{"_seconds":1690374033,"_nanoseconds":34000000},"amount":120,"transactionUser":"user"},"ROBLWfuvAnRe4JGMkxsi":{"transactionUser":"vendor","amount":225.54,"user_id":"7ee47ntj2db4hz2j5RM7unL8cWC2","payment_status":"success","isTopUp":true,"id":"ROBLWfuvAnRe4JGMkxsi","order_id":"wwRS1IS4sHBNavLXCIdY","payment_method":"Wallet","date":{"_seconds":1690525110,"_nanoseconds":816000000}},"RrBYw4pFkJhpOfHYZowz":{"transactionUser":"vendor","amount":284.72,"user_id":"7ee47ntj2db4hz2j5RM7unL8cWC2","payment_status":"success","isTopUp":true,"id":"RrBYw4pFkJhpOfHYZowz","order_id":"O8nWYHf0LP8RN2DGTCGy","payment_method":"Wallet","date":{"_seconds":1690526204,"_nanoseconds":326000000}},"SCCIK4aveA9XU5BfLIoL":{"date":{"_seconds":1690396199,"_nanoseconds":999000000},"amount":95.12,"user_id":"XTQ7iU0nX0c7uJEezESnxeHKEq92","payment_status":"success","id":"SCCIK4aveA9XU5BfLIoL","payment_method":"Cancelled Order Payment"},"UmaxgNB2rVLHYjVq2dfN":{"date":{"_seconds":1690376280,"_nanoseconds":15000000},"amount":197.43200000000002,"user_id":"XTQ7iU0nX0c7uJEezESnxeHKEq92","payment_status":"Refund success","isTopUp":true,"id":"UmaxgNB2rVLHYjVq2dfN","order_id":"","payment_method":"Refund Amount"},"Uq5PVuHgu3vPiFzvbaBv":{"user_id":"gdjjWee2ppSTSDecMwfskzGrdzV2","payment_status":"success","isTopUp":true,"id":"Uq5PVuHgu3vPiFzvbaBv","order_id":"64bfc7786bd91","payment_method":"Wallet","date":{"_seconds":1690290103,"_nanoseconds":44000000},"amount":487.62,"transactionUser":"vendor"},"VOOKzcc3slNncfux1HZz":{"note":"","user_id":"rlOyIvxHnrg8OCZWKhamldhrM7D3","payment_status":"success","isTopUp":true,"id":"VOOKzcc3slNncfux1HZz","order_id":"","payment_method":"Wallet","date":{"_seconds":1690282640,"_nanoseconds":27000000},"amount":23,"transactionUser":"user"},"VTOjSBSTtz5jjUVIl4gv":{"transactionUser":"vendor","amount":1.5,"user_id":"gdjjWee2ppSTSDecMwfskzGrdzV2","payment_status":"success","isTopUp":false,"id":"VTOjSBSTtz5jjUVIl4gv","order_id":"64c35db6f3cd0","payment_method":"Wallet","date":{"_seconds":1690525144,"_nanoseconds":206000000}},"Wd6cxqp9GbuOgdOiqFxz":{"transactionUser":"vendor","user_id":"IOF2nwzTDXOUH1RDAAXJLzwAySh2","payment_status":"success","isTopUp":false,"id":"Wd6cxqp9GbuOgdOiqFxz","order_id":"64bf29551c98e","payment_method":"Wallet","date":{"_seconds":1690249601,"_nanoseconds":669000000},"amount":0.3},"WnwebNTi2Emsvg81VFnA":{"date":{"_seconds":1690367234,"_nanoseconds":653000000},"transactionUser":"driver","amount":50,"user_id":"6fc64s8Wn7Nd5w2ixCkfHMCUGLx2","payment_status":"success","isTopUp":true,"id":"WnwebNTi2Emsvg81VFnA","order_id":"","payment_method":"Stripe"},"WqLoXw4HLILfOCcIrIOc":{"note":"hhhh","transactionUser":"vendor","amount":6000,"user_id":"7ee47ntj2db4hz2j5RM7unL8cWC2","payment_status":"success","isTopUp":true,"id":"WqLoXw4HLILfOCcIrIOc","order_id":"","payment_method":"Wallet","date":{"_seconds":1690470325,"_nanoseconds":408000000}},"WuG3c1xe0W49BNzGrNRR":{"date":{"_seconds":1690377638,"_nanoseconds":392980000},"transactionUser":"driver","amount":500,"user_id":"rTqYQhAXOQgBw9jKitBHmYr9vTu2","payment_status":"success","isTopUp":true,"id":"WuG3c1xe0W49BNzGrNRR","order_id":"","payment_method":"Stripe"},"X03QhdxvP8SjHBOda77d":{"note":"","user_id":"sJiEEXBjKVRncX943ljvvhO7pDd2","payment_status":"success","isTopUp":true,"id":"X03QhdxvP8SjHBOda77d","order_id":"","payment_method":"Wallet","date":{"_seconds":1690260304,"_nanoseconds":408000000},"amount":344,"transactionUser":"vendor"},"XZ9Mc7L1qpF8xKr6q24T":{"note":"","user_id":"rlOyIvxHnrg8OCZWKhamldhrM7D3","payment_status":"success","isTopUp":true,"id":"XZ9Mc7L1qpF8xKr6q24T","order_id":"","payment_method":"Wallet","date":{"_seconds":1690274646,"_nanoseconds":351000000},"amount":333,"transactionUser":"user"},"Y8G6mw06C1uPsIogzP2T":{"date":{"_seconds":1690482599,"_nanoseconds":999000000},"amount":12.6,"user_id":"vpDRh4MGHwc0UuoXX9lIrlGfKiC2","payment_status":"success","id":"Y8G6mw06C1uPsIogzP2T","payment_method":"Cancelled Order Payment"},"YHvdMaAf3afOb29du9Hy":{"transactionUser":"vendor","amount":20.6,"user_id":"gdjjWee2ppSTSDecMwfskzGrdzV2","payment_status":"success","isTopUp":true,"id":"YHvdMaAf3afOb29du9Hy","order_id":"64c35db6f3cd0","payment_method":"Wallet","date":{"_seconds":1690525284,"_nanoseconds":649000000}},"Yn27cMLKYrfXCW6KgWX5":{"transactionUser":"vendor","amount":13.35,"user_id":"7ee47ntj2db4hz2j5RM7unL8cWC2","payment_status":"success","isTopUp":false,"id":"Yn27cMLKYrfXCW6KgWX5","order_id":"GszgITIu8jJgRlVMltGg","payment_method":"Wallet","date":{"_seconds":1690526132,"_nanoseconds":618000000}},"YwJg5txpBzcq6yMTul6I":{"transactionUser":"vendor","amount":"64.50","user_id":"gdjjWee2ppSTSDecMwfskzGrdzV2","payment_status":"success","isTopUp":false,"id":"YwJg5txpBzcq6yMTul6I","order_id":"64c210f47c602","payment_method":"Wallet","date":{"_seconds":1690441253,"_nanoseconds":213000000}},"ZQ62Y3V1saAI9tiDvg7A":{"date":{"_seconds":1690376067,"_nanoseconds":939044000},"transactionUser":"user","amount":90.72,"user_id":"XTQ7iU0nX0c7uJEezESnxeHKEq92","payment_status":"success","isTopUp":false,"id":"ZQ62Y3V1saAI9tiDvg7A","order_id":"6tYd8FL1BvnYy6tC7qMJ","payment_method":"Wallet"},"ZhyLrKedywd5Xu7BaHP3":{"transactionUser":"vendor","amount":22.05,"user_id":"7ee47ntj2db4hz2j5RM7unL8cWC2","payment_status":"success","isTopUp":false,"id":"ZhyLrKedywd5Xu7BaHP3","order_id":"4wC0nolkzxhWaDvLFxhN","payment_method":"Wallet","date":{"_seconds":1690525793,"_nanoseconds":303000000}},"a5388bc5-be29-4a0b-b278-c7a5dab746da":{"date":{"_seconds":1690376867,"_nanoseconds":173118000},"transactionUser":"vendor","amount":181.44,"user_id":"7ee47ntj2db4hz2j5RM7unL8cWC2","payment_status":"success","isTopUp":true,"id":"a5388bc5-be29-4a0b-b278-c7a5dab746da","order_id":"BYGOH8mbwq5YItUEas0F","payment_method":"Wallet"},"a953627c-5421-4b2d-a888-d9c4d12dbeb1":{"date":{"_seconds":1690459831,"_nanoseconds":442478000},"transactionUser":"vendor","amount":28.5,"user_id":"AJgVqw6SJxdKxZly85EF6LfztSj2","payment_status":"success","isTopUp":false,"id":"a953627c-5421-4b2d-a888-d9c4d12dbeb1","order_id":"Iv4G6asKsRjXl0StyuBx","payment_method":"Wallet"},"aU28IGmC9lbr26GFBmVb":{"transactionUser":"vendor","amount":1.5,"user_id":"gdjjWee2ppSTSDecMwfskzGrdzV2","payment_status":"success","isTopUp":false,"id":"aU28IGmC9lbr26GFBmVb","order_id":"64bff9ed67070","payment_method":"Wallet","date":{"_seconds":1690525069,"_nanoseconds":394000000}},"aZ8lsthdSlDkUniRm4a8":{"transactionUser":"vendor","amount":124.74000000000001,"user_id":"7ee47ntj2db4hz2j5RM7unL8cWC2","payment_status":"success","isTopUp":true,"id":"aZ8lsthdSlDkUniRm4a8","order_id":"O8vuI3W7xk1mkxk9hu83","payment_method":"Wallet","date":{"_seconds":1690523627,"_nanoseconds":520000000}},"adAb7MY5OmS2zMz0ygkb":{"transactionUser":"vendor","amount":1.5,"user_id":"gdjjWee2ppSTSDecMwfskzGrdzV2","payment_status":"success","isTopUp":false,"id":"adAb7MY5OmS2zMz0ygkb","order_id":"64c35db6f3cd0","payment_method":"Wallet","date":{"_seconds":1690525201,"_nanoseconds":130000000}},"amUFOuC7vZybbARL07VK":{"transactionUser":"vendor","amount":29.7,"user_id":"7ee47ntj2db4hz2j5RM7unL8cWC2","payment_status":"success","isTopUp":false,"id":"amUFOuC7vZybbARL07VK","order_id":"O8nWYHf0LP8RN2DGTCGy","payment_method":"Wallet","date":{"_seconds":1690526019,"_nanoseconds":557000000}},"anSEXVnXdnPj56cYzOqJ":{"transactionUser":"vendor","user_id":"gdjjWee2ppSTSDecMwfskzGrdzV2","payment_status":"success","isTopUp":true,"id":"anSEXVnXdnPj56cYzOqJ","order_id":"64bfc59235aa1","payment_method":"Wallet","date":{"_seconds":1690289612,"_nanoseconds":508000000},"amount":834.12},"bA1sQTcDDYzC19ku6Yrn":{"transactionUser":"vendor","user_id":"IOF2nwzTDXOUH1RDAAXJLzwAySh2","payment_status":"success","isTopUp":true,"id":"bA1sQTcDDYzC19ku6Yrn","order_id":"64bf3226c331d","payment_method":"Wallet","date":{"_seconds":1690252551,"_nanoseconds":174000000},"amount":9},"bf257253-754f-42db-bda9-5893efa55858":{"date":{"_seconds":1690377725,"_nanoseconds":288837000},"transactionUser":"vendor","amount":6.615,"user_id":"7ee47ntj2db4hz2j5RM7unL8cWC2","payment_status":"success","isTopUp":false,"id":"bf257253-754f-42db-bda9-5893efa55858","order_id":"64c11d24e0503","payment_method":"Wallet"},"bgN37ZAJMJR36FUcOKzG":{"transactionUser":"vendor","user_id":"7ee47ntj2db4hz2j5RM7unL8cWC2","payment_status":"success","isTopUp":false,"id":"bgN37ZAJMJR36FUcOKzG","order_id":"64c0cdb91e8b3","payment_method":"Wallet","date":{"_seconds":1690358681,"_nanoseconds":809000000},"amount":7.35},"c1b38104-5e82-411b-b289-62e59c01ed1d":{"date":{"_seconds":1690377267,"_nanoseconds":357197000},"transactionUser":"vendor","amount":90.72,"user_id":"7ee47ntj2db4hz2j5RM7unL8cWC2","payment_status":"success","isTopUp":true,"id":"c1b38104-5e82-411b-b289-62e59c01ed1d","order_id":"64c11bbf18887","payment_method":"Wallet"},"c4adddf0-94cf-4e04-82d7-31100eccd996":{"date":{"_seconds":1690376657,"_nanoseconds":763282000},"transactionUser":"vendor","amount":7.35,"user_id":"7ee47ntj2db4hz2j5RM7unL8cWC2","payment_status":"success","isTopUp":false,"id":"c4adddf0-94cf-4e04-82d7-31100eccd996","order_id":"64c0f98dadb4c","payment_method":"Wallet"},"c82a77ae-efa3-49f0-a695-df055ffc427f":{"date":{"_seconds":1690350074,"_nanoseconds":390043000},"transactionUser":"vendor","amount":365.4,"user_id":"rrSlGz0IyVWvee8ZX2quWag2m9t2","payment_status":"success","isTopUp":true,"id":"c82a77ae-efa3-49f0-a695-df055ffc427f","order_id":"mjtEWR8YwhjlRiiGpSMO","payment_method":"Wallet"},"c9Nsa2k6QUSpp8ELJAxw":{"transactionUser":"vendor","amount":"12.60","user_id":"gdjjWee2ppSTSDecMwfskzGrdzV2","payment_status":"success","isTopUp":true,"id":"c9Nsa2k6QUSpp8ELJAxw","order_id":"64c20eb2b4508","payment_method":"Wallet","date":{"_seconds":1690439404,"_nanoseconds":924000000}},"cDgEp1rG0hWqXKnwsv41":{"transactionUser":"vendor","amount":26.85,"user_id":"7ee47ntj2db4hz2j5RM7unL8cWC2","payment_status":"success","isTopUp":false,"id":"cDgEp1rG0hWqXKnwsv41","order_id":"wwRS1IS4sHBNavLXCIdY","payment_method":"Wallet","date":{"_seconds":1690525111,"_nanoseconds":227000000}},"cJbr0GdN4vgCqvliRlSY":{"transactionUser":"vendor","amount":61.74,"user_id":"7ee47ntj2db4hz2j5RM7unL8cWC2","payment_status":"success","isTopUp":true,"id":"cJbr0GdN4vgCqvliRlSY","order_id":"mEuDZQ1OcRwU5g8XSqeO","payment_method":"Wallet","date":{"_seconds":1690525550,"_nanoseconds":762000000}},"cbUfLEd38HmZ7jDNfmJ7":{"transactionUser":"vendor","amount":"12.02","user_id":"7ee47ntj2db4hz2j5RM7unL8cWC2","payment_status":"success","isTopUp":false,"id":"cbUfLEd38HmZ7jDNfmJ7","order_id":"1jF23dcK0qa78FUAgeEt","payment_method":"Wallet","date":{"_seconds":1690377027,"_nanoseconds":395000000}},"ceBK0Rzc9PcrvUNn1RwF":{"date":{"_seconds":1690366448,"_nanoseconds":171000000},"amount":50,"user_id":"l60NNIh7nwhkJEtTkYDCMfY9Eto2","payment_status":"success","isTopUp":true,"id":"ceBK0Rzc9PcrvUNn1RwF","order_id":"","payment_method":"Stripe","transactionUser":"user"},"cobKRHKP4Mn6m3HOm2fe":{"transactionUser":"vendor","amount":12,"user_id":"7ee47ntj2db4hz2j5RM7unL8cWC2","payment_status":"success","isTopUp":false,"id":"cobKRHKP4Mn6m3HOm2fe","order_id":"Bzvv7XW0kDJgSSieUJtI","payment_method":"Wallet","date":{"_seconds":1690523433,"_nanoseconds":915000000}},"d2b6e3cc-c749-4eb5-bd0a-ad1525fc2cce":{"date":{"_seconds":1690376657,"_nanoseconds":250545000},"transactionUser":"vendor","amount":61.74,"user_id":"7ee47ntj2db4hz2j5RM7unL8cWC2","payment_status":"success","isTopUp":true,"id":"d2b6e3cc-c749-4eb5-bd0a-ad1525fc2cce","order_id":"64c0f98dadb4c","payment_method":"Wallet"},"d2plnbwHRacUfCfRgirR":{"transactionUser":"vendor","amount":"100.93","user_id":"7ee47ntj2db4hz2j5RM7unL8cWC2","payment_status":"success","isTopUp":true,"id":"d2plnbwHRacUfCfRgirR","order_id":"1jF23dcK0qa78FUAgeEt","payment_method":"Wallet","date":{"_seconds":1690377027,"_nanoseconds":71000000}},"dZxGyVzJcUzKycYtDM0r":{"transactionUser":"vendor","amount":247.43,"user_id":"IOF2nwzTDXOUH1RDAAXJLzwAySh2","payment_status":"success","isTopUp":true,"id":"dZxGyVzJcUzKycYtDM0r","order_id":"64bf359473794","payment_method":"Wallet","date":{"_seconds":1690252765,"_nanoseconds":818000000}},"e581aaec-eeed-4000-947e-553032559cb2":{"date":{"_seconds":1690374801,"_nanoseconds":340195000},"transactionUser":"vendor","amount":112.26599999999999,"user_id":"7ee47ntj2db4hz2j5RM7unL8cWC2","payment_status":"success","isTopUp":true,"id":"e581aaec-eeed-4000-947e-553032559cb2","order_id":"QHcJsmZuiO8dm9hljG9I","payment_method":"Wallet"},"elDfFUTMPbWl6bLPwlrO":{"transactionUser":"vendor","amount":12.6,"user_id":"gdjjWee2ppSTSDecMwfskzGrdzV2","payment_status":"success","isTopUp":true,"id":"elDfFUTMPbWl6bLPwlrO","order_id":"64c35db6f3cd0","payment_method":"Wallet","date":{"_seconds":1690525200,"_nanoseconds":152000000}},"fHwYBP5OtSDoMPcCSHHM":{"transactionUser":"vendor","user_id":"IOF2nwzTDXOUH1RDAAXJLzwAySh2","payment_status":"success","isTopUp":true,"id":"fHwYBP5OtSDoMPcCSHHM","order_id":"64bf3226c331d","payment_method":"Wallet","date":{"_seconds":1690251868,"_nanoseconds":759000000},"amount":1},"fXorkW0Cy8K2SyfIlXxm":{"date":{"_seconds":1690316046,"_nanoseconds":259000000},"amount":50,"user_id":"Of2rF1Z4x8T6H8I5109CJZXyZnk1","payment_status":"success","isTopUp":true,"id":"fXorkW0Cy8K2SyfIlXxm","order_id":"","payment_method":"Stripe","transactionUser":"user"},"fq3FwPmwdTFuwDgjV6XO":{"note":"admin topup ","user_id":"ixS6Cz1ZhWeCa3gcqSx7Gp9xTUa2","payment_status":"success","isTopUp":true,"id":"fq3FwPmwdTFuwDgjV6XO","order_id":"","payment_method":"Wallet","date":{"_seconds":1690287421,"_nanoseconds":248000000},"amount":8000,"transactionUser":"driver"},"i0d5RgDftYM2ROYRuIOr":{"transactionUser":"vendor","amount":112.14,"user_id":"7ee47ntj2db4hz2j5RM7unL8cWC2","payment_status":"success","isTopUp":true,"id":"i0d5RgDftYM2ROYRuIOr","order_id":"rGbW8NSqrELOB6GD4ZH7","payment_method":"Wallet","date":{"_seconds":1690524371,"_nanoseconds":785000000}},"iakYsg9IkoF9zaW9ntSc":{"date":{"_seconds":1690374709,"_nanoseconds":251607000},"transactionUser":"driver","amount":50,"user_id":"ixS6Cz1ZhWeCa3gcqSx7Gp9xTUa2","payment_status":"success","isTopUp":true,"id":"iakYsg9IkoF9zaW9ntSc","order_id":"","payment_method":"Stripe"},"inHtvFG88AmJXM1DEAD5":{"note":"","user_id":"rTqYQhAXOQgBw9jKitBHmYr9vTu2","payment_status":"success","isTopUp":true,"id":"inHtvFG88AmJXM1DEAD5","order_id":"","payment_method":"Wallet","date":{"_seconds":1690374325,"_nanoseconds":722000000},"amount":2000,"transactionUser":"driver"},"j0vcJSvqOIGZeNRYw3sX":{"transactionUser":"vendor","amount":115.53,"user_id":"7ee47ntj2db4hz2j5RM7unL8cWC2","payment_status":"success","isTopUp":true,"id":"j0vcJSvqOIGZeNRYw3sX","order_id":"64c124995aa97","payment_method":"Wallet","date":{"_seconds":1690524085,"_nanoseconds":756000000}},"jwxePxvpiKt4lkbCj88j":{"transactionUser":"vendor","amount":201.6,"user_id":"7ee47ntj2db4hz2j5RM7unL8cWC2","payment_status":"success","isTopUp":true,"id":"jwxePxvpiKt4lkbCj88j","order_id":"BE6vsglvTg7iQbUb3LZ0","payment_method":"Wallet","date":{"_seconds":1690522971,"_nanoseconds":853000000}},"kRvfPh2WbqSrx7Bd5PYb":{"transactionUser":"vendor","amount":"100.93","user_id":"7ee47ntj2db4hz2j5RM7unL8cWC2","payment_status":"success","isTopUp":true,"id":"kRvfPh2WbqSrx7Bd5PYb","order_id":"1jF23dcK0qa78FUAgeEt","payment_method":"Wallet","date":{"_seconds":1690377027,"_nanoseconds":967000000}},"kh0PCzLsmN14voaCN4GM":{"transactionUser":"vendor","amount":185.22,"user_id":"7ee47ntj2db4hz2j5RM7unL8cWC2","payment_status":"success","isTopUp":true,"id":"kh0PCzLsmN14voaCN4GM","order_id":"4wC0nolkzxhWaDvLFxhN","payment_method":"Wallet","date":{"_seconds":1690525792,"_nanoseconds":943000000}},"lVa8Ofw8d1HOCIo3Buoe":{"note":"added from admin ","user_id":"vpDRh4MGHwc0UuoXX9lIrlGfKiC2","payment_status":"success","isTopUp":true,"id":"lVa8Ofw8d1HOCIo3Buoe","order_id":"","payment_method":"Wallet","date":{"_seconds":1690271137,"_nanoseconds":792000000},"amount":1000,"transactionUser":"user"},"n4HxHlw7G9fqlNhBDO4O":{"transactionUser":"vendor","user_id":"sJiEEXBjKVRncX943ljvvhO7pDd2","payment_status":"success","isTopUp":true,"id":"n4HxHlw7G9fqlNhBDO4O","order_id":"64c098676c587","payment_method":"Wallet","date":{"_seconds":1690348608,"_nanoseconds":357000000},"amount":390.6},"nKuS1dNFUTfV628sbYXj":{"transactionUser":"vendor","amount":90.72,"user_id":"7ee47ntj2db4hz2j5RM7unL8cWC2","payment_status":"success","isTopUp":true,"id":"nKuS1dNFUTfV628sbYXj","order_id":"mfJwtjok9jelO3BRDILi","payment_method":"Wallet","date":{"_seconds":1690375724,"_nanoseconds":184000000}},"nWlvyBFqy6GFEBNzza6F":{"transactionUser":"vendor","user_id":"IOF2nwzTDXOUH1RDAAXJLzwAySh2","payment_status":"success","isTopUp":true,"id":"nWlvyBFqy6GFEBNzza6F","order_id":"64bf3226c331d","payment_method":"Wallet","date":{"_seconds":1690252076,"_nanoseconds":768000000},"amount":1},"nfioCKcFwAApkxxxCG7J":{"transactionUser":"vendor","amount":"12.02","user_id":"7ee47ntj2db4hz2j5RM7unL8cWC2","payment_status":"success","isTopUp":false,"id":"nfioCKcFwAApkxxxCG7J","order_id":"1jF23dcK0qa78FUAgeEt","payment_method":"Wallet","date":{"_seconds":1690377028,"_nanoseconds":325000000}},"nzZNNseHiDlqmhejav7R":{"date":{"_seconds":1690349820,"_nanoseconds":739436000},"transactionUser":"driver","amount":500,"user_id":"1vsEM26D50QBTI8GpoguinUl0ah2","payment_status":"success","isTopUp":true,"id":"nzZNNseHiDlqmhejav7R","order_id":"","payment_method":"Stripe"},"qBbi5qTIsxDtq9KxDLtR":{"transactionUser":"vendor","amount":29.7,"user_id":"7ee47ntj2db4hz2j5RM7unL8cWC2","payment_status":"success","isTopUp":false,"id":"qBbi5qTIsxDtq9KxDLtR","order_id":"O8nWYHf0LP8RN2DGTCGy","payment_method":"Wallet","date":{"_seconds":1690526204,"_nanoseconds":736000000}},"qREVqn6ACE6YU8oQxcz8":{"transactionUser":"vendor","user_id":"sJiEEXBjKVRncX943ljvvhO7pDd2","payment_status":"success","isTopUp":false,"id":"qREVqn6ACE6YU8oQxcz8","order_id":"64c098676c587","payment_method":"Wallet","date":{"_seconds":1690348608,"_nanoseconds":735000000},"amount":46.5},"qUce5fjs4NZfRb0leRJm":{"transactionUser":"vendor","user_id":"gdjjWee2ppSTSDecMwfskzGrdzV2","payment_status":"success","isTopUp":true,"id":"qUce5fjs4NZfRb0leRJm","order_id":"64bfc016b34a0","payment_method":"Wallet","date":{"_seconds":1690289100,"_nanoseconds":122000000},"amount":834.12},"rIKBu4hvVophR2qSYVhK":{"note":"","user_id":"gdjjWee2ppSTSDecMwfskzGrdzV2","payment_status":"success","isTopUp":true,"id":"rIKBu4hvVophR2qSYVhK","order_id":"","payment_method":"Wallet","date":{"_seconds":1690374228,"_nanoseconds":504000000},"amount":200,"transactionUser":"vendor"},"sDOsRsMyzdtR63yMqeAV":{"date":{"_seconds":1690309799,"_nanoseconds":999000000},"amount":395.14000000000004,"user_id":"VoghSmbNouhwCGIw4EWtSQeXA313","payment_status":"success","id":"sDOsRsMyzdtR63yMqeAV","payment_method":"Cancelled Order Payment"},"ss1LIUjKzJht1eEESUmz":{"date":{"_seconds":1690309799,"_nanoseconds":999000000},"amount":395.14000000000004,"user_id":"VoghSmbNouhwCGIw4EWtSQeXA313","payment_status":"success","id":"ss1LIUjKzJht1eEESUmz","payment_method":"Cancelled Order Payment"},"viIWjbbvJIwdLv95kPa0":{"note":"","user_id":"D5CjohSjd3RgHGByg5vkPJ5WLfD3","payment_status":"success","isTopUp":true,"id":"viIWjbbvJIwdLv95kPa0","order_id":"","payment_method":"Wallet","date":{"_seconds":1690205381,"_nanoseconds":603000000},"amount":888,"transactionUser":"vendor"},"vkdGaGDMItAxg4xrV1O0":{"transactionUser":"vendor","user_id":"7ee47ntj2db4hz2j5RM7unL8cWC2","payment_status":"success","isTopUp":true,"id":"vkdGaGDMItAxg4xrV1O0","order_id":"64c0d78e08b1f","payment_method":"Wallet","date":{"_seconds":1690360060,"_nanoseconds":28000000},"amount":151.74},"wqXE2xRvzKY9qdwqnSWx":{"transactionUser":"vendor","user_id":"gdjjWee2ppSTSDecMwfskzGrdzV2","payment_status":"success","isTopUp":true,"id":"wqXE2xRvzKY9qdwqnSWx","order_id":"64bfc016b34a0","payment_method":"Wallet","date":{"_seconds":1690288270,"_nanoseconds":157000000},"amount":834.12},"wtKcbZssNNxShCdhjVIP":{"note":"","user_id":"BNVqAwACFGdsmHcFsl1R5aWMYSN2","payment_status":"success","isTopUp":true,"id":"wtKcbZssNNxShCdhjVIP","order_id":"","payment_method":"Wallet","date":{"_seconds":1690250199,"_nanoseconds":392000000},"amount":7,"transactionUser":"user"},"xy84UqAwfyjQ7dbpPPAp":{"transactionUser":"vendor","amount":7.35,"user_id":"7ee47ntj2db4hz2j5RM7unL8cWC2","payment_status":"success","isTopUp":false,"id":"xy84UqAwfyjQ7dbpPPAp","order_id":"mEuDZQ1OcRwU5g8XSqeO","payment_method":"Wallet","date":{"_seconds":1690525551,"_nanoseconds":119000000}},"y3maROgVddfdq2cMAbHN":{"note":"","user_id":"XTQ7iU0nX0c7uJEezESnxeHKEq92","payment_status":"success","isTopUp":true,"id":"y3maROgVddfdq2cMAbHN","order_id":"","payment_method":"Wallet","date":{"_seconds":1690371597,"_nanoseconds":881000000},"amount":100,"transactionUser":"user"},"z0IyOV8ZXt04elMGrlxu":{"note":"","user_id":"rlOyIvxHnrg8OCZWKhamldhrM7D3","payment_status":"success","isTopUp":true,"id":"z0IyOV8ZXt04elMGrlxu","order_id":"","payment_method":"Wallet","date":{"_seconds":1690274674,"_nanoseconds":889000000},"amount":444,"transactionUser":"user"},"z0Om64Ft161y7gIx3JDQ":{"date":{"_seconds":1690459201,"_nanoseconds":177586000},"transactionUser":"user","amount":27.78,"user_id":"vpDRh4MGHwc0UuoXX9lIrlGfKiC2","payment_status":"success","isTopUp":false,"id":"z0Om64Ft161y7gIx3JDQ","order_id":"pE7uwHAJIJVy9EUz9enB","payment_method":"Wallet"},"z1ontQBb9yxFKvZcT4ZZ":{"date":{"_seconds":1690376213,"_nanoseconds":773000000},"amount":106.72,"user_id":"XTQ7iU0nX0c7uJEezESnxeHKEq92","payment_status":"Refund success","isTopUp":true,"id":"z1ontQBb9yxFKvZcT4ZZ","order_id":"","payment_method":"Refund Amount"}}}