{"currencies":{"6447cad40aaba":{"symbol":"R","code":"ZAR","symbolAtRight":false,"name":"South African ZAR","id":"6447cad40aaba","decimal_degits":2,"isActive":false},"Gp5lgnHCfVOPPD88PPak":{"symbol":"$","code":"USD","name":"US Dollar","id":"Gp5lgnHCfVOPPD88PPak","rounding":0,"decimal_degits":2,"symbolAtRight":false,"isActive":true},"VqNUWvCnGxg5a2Ab9XDd":{"name":"Indian Rupee","id":"VqNUWvCnGxg5a2Ab9XDd","rounding":0,"symbol":"₹","code":"INR","symbolAtRight":false,"decimal_degits":2,"isActive":false},"vcGOWsFGtp8B9iQIGiWV":{"symbol":"€","code":"EUR","name":"Euro","id":"vcGOWsFGtp8B9iQIGiWV","decimal_degits":2,"rounding":0,"symbolAtRight":false,"isActive":false}}}