{"driver_payouts":{"4v8s5v2TtZMzevi5I5VP":{"note":"by driver","amount":50,"paidDate":{"_seconds":1690378338,"_nanoseconds":464363000},"driverID":"rTqYQhAXOQgBw9jKitBHmYr9vTu2","id":"4v8s5v2TtZMzevi5I5VP","adminNote":"","paymentStatus":"Success"},"64c355b2aa0fb":{"note":"from admin panel ","amount":10,"driverID":"ixS6Cz1ZhWeCa3gcqSx7Gp9xTUa2","paidDate":{"_seconds":1690523074,"_nanoseconds":939000000},"id":"64c355b2aa0fb","paymentStatus":"Success"},"64c364971086b":{"note":"by admin","amount":51,"driverID":"rTqYQhAXOQgBw9jKitBHmYr9vTu2","paidDate":{"_seconds":1690526895,"_nanoseconds":578000000},"id":"64c364971086b","paymentStatus":"Success"},"qLi8NFDguB9OsXF5ECfU":{"note":"by driver","amount":55,"paidDate":{"_seconds":1690378533,"_nanoseconds":722440000},"driverID":"rTqYQhAXOQgBw9jKitBHmYr9vTu2","id":"qLi8NFDguB9OsXF5ECfU","adminNote":"","paymentStatus":"Reject"},"s1AgJnFZwMqF9rvjQdHD":{"note":"by driver","amount":100,"paidDate":{"_seconds":1690378466,"_nanoseconds":129082000},"driverID":"rTqYQhAXOQgBw9jKitBHmYr9vTu2","id":"s1AgJnFZwMqF9rvjQdHD","adminNote":"","paymentStatus":"Success"}}}