{"dynamic_notification":{"3gLwrRpTIi1GIjhjBFdO":{"createdAt":{"_seconds":1689152477,"_nanoseconds":983000000},"id":"3gLwrRpTIi1GIjhjBFdO","type":"schedule_order","subject":"Schedule Order","message":"You have a new schedule order"},"6E4qrvvijjONA9xGqd4e":{"subject":"Dine in booking","id":"6E4qrvvijjONA9xGqd4e","message":"You have receive new dining booking","createdAt":{"_seconds":1689134718,"_nanoseconds":985000000},"type":"dinein_placed"},"C9Cl30GGSjEGTgz9x3yG":{"id":"C9Cl30GGSjEGTgz9x3yG","createdAt":{"_seconds":1689135237,"_nanoseconds":205000000},"type":"driver_accepted","subject":"Order Accepted","message":"Driver has accepted your order"},"EJ5x2EUU4BNVM0rFGs9W":{"id":"EJ5x2EUU4BNVM0rFGs9W","createdAt":{"_seconds":1689135573,"_nanoseconds":450000000},"type":"restaurant_rejected","subject":"Order rejected","message":"Your order has been rejected by the restaurant"},"Y8XKw8XZpIZDBCEFvC0E":{"id":"Y8XKw8XZpIZDBCEFvC0E","createdAt":{"_seconds":1689135285,"_nanoseconds":125000000},"type":"driver_completed","subject":"Order Completed","message":"Driver delivered the order successfully."},"ZW0WXs7yRkWbw8lmGjCR":{"id":"ZW0WXs7yRkWbw8lmGjCR","createdAt":{"_seconds":1689135534,"_nanoseconds":150000000},"type":"restaurant_accepted","subject":"Order Accepted","message":"Your order has been accepted by the restaurant"},"aLIzyFvQhPWbuHm6107L":{"id":"aLIzyFvQhPWbuHm6107L","createdAt":{"_seconds":1689135488,"_nanoseconds":789000000},"type":"takeaway_completed","subject":"Takeaway order completed","message":"Your Takeaway order has been completed"},"cCltrGAWmwkalTNgAjwa":{"subject":"Dine order canceled","id":"cCltrGAWmwkalTNgAjwa","message":"Your dine order has been canceled","createdAt":{"_seconds":1689135178,"_nanoseconds":444000000},"type":"dinein_canceled"},"p1UHsGi0hvGSuSRiK3sn":{"subject":"Dine order accepted","id":"p1UHsGi0hvGSuSRiK3sn","message":"Your Dine Order has been accepted by restaurant","createdAt":{"_seconds":1689135118,"_nanoseconds":584000000},"type":"dinein_accepted"},"zv17jw1HDLsvpXamFLUA":{"id":"zv17jw1HDLsvpXamFLUA","createdAt":{"_seconds":1689135011,"_nanoseconds":599000000},"type":"order_placed","subject":"New Order","message":"You have receive new order"}}}