{"payouts":{"64c34aeea71fc":{"note":"from restaurant panel","amount":20,"paidDate":{"_seconds":1690520389,"_nanoseconds":472000000},"vendorID":"WqRyINuV8fuqd8g7VInG","id":"64c34aeea71fc","paymentStatus":"Success"},"64c355712975c":{"amount":10,"paidDate":{"_seconds":1690523011,"_nanoseconds":496000000},"vendorID":"McDuUWTqctTuLJhy1O97","adminNote":"from admin panel ","id":"64c355712975c","paymentStatus":"Success"},"64c3572ac9424":{"note":"getting for now from restuarnt","amount":15,"paidDate":{"_seconds":1690523453,"_nanoseconds":290000000},"vendorID":"McDuUWTqctTuLJhy1O97","id":"64c3572ac9424","paymentStatus":"Pending"},"64c36364a9591":{"note":"test email from restaurant panel","amount":100,"paidDate":{"_seconds":1690526590,"_nanoseconds":809000000},"vendorID":"WqRyINuV8fuqd8g7VInG","id":"64c36364a9591","paymentStatus":"Success"},"64c36402df76a":{"amount":15,"paidDate":{"_seconds":1690526737,"_nanoseconds":772000000},"vendorID":"WqRyINuV8fuqd8g7VInG","adminNote":"created by admin","id":"64c36402df76a","paymentStatus":"Success"},"GTbmHsd4pLVPzlrSftPI":{"note":"","amount":30,"paidDate":{"_seconds":1690520309,"_nanoseconds":567492000},"vendorID":"WqRyINuV8fuqd8g7VInG","id":"GTbmHsd4pLVPzlrSftPI","adminNote":"","paymentStatus":"Reject"},"XXYh4BErpHz3iDMwTuLz":{"note":"from restaurant app","amount":60,"paidDate":{"_seconds":1690522062,"_nanoseconds":648279000},"vendorID":"WqRyINuV8fuqd8g7VInG","id":"XXYh4BErpHz3iDMwTuLz","adminNote":"","paymentStatus":"Success"},"eQEI0gGBVftEFhQqrHee":{"note":"","amount":50,"paidDate":{"_seconds":1690520239,"_nanoseconds":837021000},"vendorID":"WqRyINuV8fuqd8g7VInG","id":"eQEI0gGBVftEFhQqrHee","adminNote":"","paymentStatus":"Success"},"hWW5XtSzZR5ErN0lxZdi":{"note":"by rets","amount":55,"paidDate":{"_seconds":1690378751,"_nanoseconds":281771000},"vendorID":"WqRyINuV8fuqd8g7VInG","id":"hWW5XtSzZR5ErN0lxZdi","adminNote":"","paymentStatus":"Reject"},"vBKWB8EThuHqbwjRn51w":{"note":"by restaurant","amount":50,"paidDate":{"_seconds":1690378656,"_nanoseconds":266442000},"vendorID":"WqRyINuV8fuqd8g7VInG","id":"vBKWB8EThuHqbwjRn51w","adminNote":"","paymentStatus":"Success"}}}