{"story":{"8w5A9nKpmRcxmPit8evu":{"createdAt":{"_seconds":1690269922,"_nanoseconds":198000000},"videoThumbnail":"https://firebasestorage.googleapis.com/v0/b/foodies-3c1d9.appspot.com/o/Story%2Fimages%2Fpizza_gif_1690269718152.gif?alt=media&token=4526a93b-e617-4d4e-a581-efc4eb246348","videoUrl":["https://firebasestorage.googleapis.com/v0/b/foodies-3c1d9.appspot.com/o/Story%2FPizzaStory_1690269888619.mp4?alt=media&token=7ee38845-ad63-4dfa-8d97-d72d09203619"],"vendorID":"8w5A9nKpmRcxmPit8evu"},"McDuUWTqctTuLJhy1O97":{"createdAt":{"_seconds":1690277956,"_nanoseconds":817000000},"videoThumbnail":"https://firebasestorage.googleapis.com/v0/b/foodies-3c1d9.appspot.com/o/Story%2Fimages%2Fpexels-pixabay-315755_1690271935306.jpg?alt=media&token=45417ac2-622b-4145-8dcb-32b86d37ec06","videoUrl":["https://firebasestorage.googleapis.com/v0/b/foodies-3c1d9.appspot.com/o/Story%2Fproduction%20ID_4434150_1690271952477.mp4?alt=media&token=71582662-8033-48d1-8d49-8fc42698f02e"],"vendorID":"McDuUWTqctTuLJhy1O97"},"Rk7ciYPlT8cCJsQBYqXk":{"createdAt":{"_seconds":1690349746,"_nanoseconds":155000000},"videoThumbnail":"https://firebasestorage.googleapis.com/v0/b/foodies-3c1d9.appspot.com/o/Story%2Fimages%2Fpasta_gif_1690271472338.gif?alt=media&token=2f11b060-a3ca-4894-84cc-11e2b0ed857c","videoUrl":["https://firebasestorage.googleapis.com/v0/b/foodies-3c1d9.appspot.com/o/Story%2FPastaStory_1690271502541.mp4?alt=media&token=5329b4ff-a338-4f17-8531-9b7a2b543250"],"vendorID":"Rk7ciYPlT8cCJsQBYqXk"},"giMamsEguXZtp3Jzi6Jw":{"createdAt":{"_seconds":1690271198,"_nanoseconds":987000000},"videoThumbnail":"https://firebasestorage.googleapis.com/v0/b/foodies-3c1d9.appspot.com/o/Story%2Fimages%2Fpizza-icegif_1690270934422.gif?alt=media&token=2c942c18-4786-4321-a575-2bdf60b20501","videoUrl":["https://firebasestorage.googleapis.com/v0/b/foodies-3c1d9.appspot.com/o/Story%2FPizzaStory_1690271148308.mp4?alt=media&token=54f79568-3c43-4c3e-b476-1e49ad34e0af"],"vendorID":"giMamsEguXZtp3Jzi6Jw"},"oOQT5nzDtrSvksX9gT7s":{"createdAt":{"_seconds":1690270536,"_nanoseconds":651000000},"videoThumbnail":"https://firebasestorage.googleapis.com/v0/b/foodies-3c1d9.appspot.com/o/Story%2Fimages%2FFries_gif_1690270291619.gif?alt=media&token=730973cf-4402-452a-9cd8-4b6fe11c5713","videoUrl":["https://firebasestorage.googleapis.com/v0/b/foodies-3c1d9.appspot.com/o/Story%2FFriesStory_1690270297098.mp4?alt=media&token=1e3110b7-7216-4d91-a5f3-bf77a94816a3"],"vendorID":"oOQT5nzDtrSvksX9gT7s"}}}