{"vendor_filters":{"00PAcSdYXHO4ulwQNd5XtP":{"name":"Price","id":"00PAcSdYXHO4ulwQNd5XtP","options":["$","$$","$$$","$$$$"]},"00XlXhFc6N9ruTdZcpvs2AJ":{"name":"Good for Breakfast","options":["Yes","No"],"id":"00XlXhFc6N9ruTdZcpvs2AJ"},"00YUI2Ig5gscoGFeM0qcORU":{"options":["Yes","No"],"name":"Good for Lunch","id":"00YUI2Ig5gscoGFeM0qcORU"},"01AXdkSp57hBFL6qyp6Bvk":{"options":["Yes","No"],"name":"Good for Dinner","id":"01AXdkSp57hBFL6qyp6Bvk"},"01XHR7xpSywGyZRaTVpw1b":{"options":["Yes","No"],"name":"Takes Reservations","id":"01XHR7xpSywGyZRaTVpw1b"},"02UWoh1JaRN8nJkr459dBC":{"name":"Vegetarian Friendly","options":["Yes","No"],"id":"02UWoh1JaRN8nJkr459dBC"},"02i6SzWG3Z0xQi4LqiUrcD":{"name":"Cuisine","options":["American","Chinese","Sushi","Mexican","Vietnamese","Thai","Fast Food","Burgers & Sandwiches","French","Italian"],"id":"02i6SzWG3Z0xQi4LqiUrcD"},"61eab9930c7df":{"name":"Takeaway","options":["yes","No"],"id":"61eab9930c7df"},"61eabc49b19b6":{"options":["test1","test12"],"name":"Test2","id":"61eabc49b19b6"},"62022adbc1e02":{"name":"test","options":["test"],"id":"62022adbc1e02"},"621f5a68ac20c":{"name":"Party","options":["Yes","No"],"id":"621f5a68ac20c"},"62273bfb41737":{"options":["Yes","No"],"name":"Self-Service","id":"62273bfb41737"},"7Ml1rz18bkI6taXZ22Loo":{"options":["Yes","No"],"name":"Live Music","id":"7Ml1rz18bkI6taXZ22Loo"},"8iDik93Pfq1B7Cfys2sA7":{"name":"Outdoor Seating","options":["Yes","No"],"id":"8iDik93Pfq1B7Cfys2sA7"},"9YEWd4Q7GdoJ5CfcKcTLi":{"name":"Free Wi-Fi","options":["Yes","No"],"id":"9YEWd4Q7GdoJ5CfcKcTLi"}}}