{"vendor_categories":{"63dc959f264ed":{"photo":"https://firebasestorage.googleapis.com/v0/b/foodies-3c1d9.appspot.com/o/images%2Fdownload%20(11).jpg?alt=media&token=88adc656-a7b4-401f-95b0-738752be3d54","description":"Pizza","id":"63dc959f264ed","title":"Pizza","order":6,"review_attributes":["63ad358ab2b8e","63ae680909c16","63e34b2b9c1ef","63e34b697a238","63e34e35bb00d"],"show_in_homepage":true,"publish":true},"645b9e1a5c527":{"review_attributes":[],"publish":true,"id":"645b9e1a5c527","show_in_homepage":false,"description":"All kind of bugers is here...","photo":"https://firebasestorage.googleapis.com/v0/b/foodies-3c1d9.appspot.com/o/images%2Fpexels-pixabay-327158_1690278461503.jpg?alt=media&token=681fa448-9977-4564-b5af-3f70de82c722","title":"Burger "},"645fb7ffd1b19":{"description":"Italian food","photo":"https://firebasestorage.googleapis.com/v0/b/foodies-3c1d9.appspot.com/o/images%2Fspaghetti-hero-a37c80e_1683998319963.jpg?alt=media&token=bdd7abc2-8656-47bf-b3cb-ab6473683586","id":"645fb7ffd1b19","title":"PASTA","show_in_homepage":false,"review_attributes":["63ad358ab2b8e","63e34b697a238","63e34e35bb00d"],"publish":true},"64b0d7526a68f":{"review_attributes":["63ad358ab2b8e","63ae680909c16","63e34b2b9c1ef"],"publish":true,"description":"asdfghjkl;\nzxcvbnm\nqwertyuio","photo":"https://firebasestorage.googleapis.com/v0/b/foodies-3c1d9.appspot.com/o/images%2FFries_1689311120909.jpg?alt=media&token=8ea6672c-8146-4618-88e4-53c0b605fa3b","id":"64b0d7526a68f","title":"Fries","show_in_homepage":false},"64bf9b520f34f":{"review_attributes":[],"publish":true,"description":"Sandwich","photo":"https://firebasestorage.googleapis.com/v0/b/foodies-3c1d9.appspot.com/o/images%2Fsandwiche_1_1690278865210.jpg?alt=media&token=630fdd23-eb12-4c70-8e63-124ed5f41e24","id":"64bf9b520f34f","title":"Sandwiches","show_in_homepage":true},"64bfa18d39ab7":{"review_attributes":[],"publish":true,"description":"qwerltyui\nlkjhgfdsa\nmnbvcxz","photo":"https://firebasestorage.googleapis.com/v0/b/foodies-3c1d9.appspot.com/o/images%2F24321-moms-favorite-baked-mac-and-cheese-ddmfs-4x3-5502_1690280353185.jpg?alt=media&token=38d41dc6-7bac-4b41-87d9-dde899e26c62","id":"64bfa18d39ab7","show_in_homepage":false,"title":"Macaroni"},"64bfa2f1751bc":{"review_attributes":[],"publish":true,"description":"qwerltyui\nasdfghjk\nzxcvbnm,.","photo":"https://firebasestorage.googleapis.com/v0/b/foodies-3c1d9.appspot.com/o/images%2Fmaggie-thumbanil-scaled_1690280758409.jpg?alt=media&token=a6f85f27-8c15-4244-a1e1-3c1f9f9adadc","id":"64bfa2f1751bc","title":"Maggi","show_in_homepage":false},"64c372d028676":{"review_attributes":["63e34e35bb00d","64b0fbedbe666"],"publish":true,"description":"cake category ","photo":"https://firebasestorage.googleapis.com/v0/b/foodies-3c1d9.appspot.com/o/images%2F1280px-Tiramisu_with_blueberries_and_raspberries%2C_July_2011_1690530532222.jpg?alt=media&token=f5095638-015e-4bff-b780-779e1b1d6f41","id":"64c372d028676","title":"Cake","show_in_homepage":false}}}