{"vendor_products":{"64bef9083d9c3":{"addOnsPrice":[],"quantity":-1,"addOnsTitle":[],"vendorID":"oOQT5nzDtrSvksX9gT7s","description":"test","calories":0,"photos":[],"nonveg":false,"fats":0,"proteins":0,"veg":true,"id":"64bef9083d9c3","grams":0,"takeawayOption":false,"disPrice":"0","price":"300","name":"Veg Burger","product_specification":null,"categoryID":"64b0d7526a68f","publish":true,"item_attribute":{"attributes":[{"attribute_id":"63ad3bb5e8ca2","attribute_options":["AlooTikki","Vegitable"]}],"variants":[{"variant_id":"6014bd3c58176c","variant_image":"https://firebasestorage.googleapis.com/v0/b/foodies-3c1d9.appspot.com/o/images%2Fvariant_AlooTikki_1690273636958.jpeg?alt=media&token=8fa67a49-8c06-467b-9e90-096c2e127993","variant_price":"200","variant_sku":"AlooTikki","variant_quantity":"-1"},{"variant_id":"6014bd3c581998","variant_image":"https://firebasestorage.googleapis.com/v0/b/foodies-3c1d9.appspot.com/o/images%2Fvariant_Vegitable_1690273704433.jpg?alt=media&token=f9ca62c0-c40f-4c1c-8ecd-297a0bb202a6","variant_price":"300","variant_sku":"Vegitable","variant_quantity":"-1"}]},"photo":"https://firebasestorage.googleapis.com/v0/b/foodies-3c1d9.appspot.com/o/images%2FBurger_2_1690275039273.jpg?alt=media&token=e22ef4ff-0fff-42f4-bfc4-03935593d997"},"64bf270f3cc9d":{"addOnsPrice":[],"addOnsTitle":[],"calories":0,"nonveg":true,"fats":0,"proteins":0,"veg":false,"id":"64bf270f3cc9d","grams":0,"takeawayOption":false,"categoryID":"63dc959f264ed","quantity":-1,"description":"test","product_specification":null,"photos":[""],"vendorID":"8w5A9nKpmRcxmPit8evu","disPrice":"900","price":"1000","name":"Farmhouse Pizza","publish":true,"item_attribute":{"attributes":[{"attribute_id":"648f4248f2015","attribute_options":["regular","medium","large"]}],"variants":[{"variant_id":"6014d35506d384","variant_image":"https://firebasestorage.googleapis.com/v0/b/foodies-3c1d9.appspot.com/o/images%2Fvariant_regular_1690272826011.jpg?alt=media&token=34f4c0ec-7689-4dd6-bd4b-d42001fb7a32","variant_price":"900","variant_sku":"regular","variant_quantity":"-1"},{"variant_id":"6014d35506cac8","variant_image":"https://firebasestorage.googleapis.com/v0/b/foodies-3c1d9.appspot.com/o/images%2Fvariant_medium_1690272829408.jpg?alt=media&token=e2a2638c-2b03-48fe-8ed3-d3487ba5328d","variant_price":"1000","variant_sku":"medium","variant_quantity":"-1"},{"variant_id":"6014d35506ad34","variant_image":"https://firebasestorage.googleapis.com/v0/b/foodies-3c1d9.appspot.com/o/images%2Fvariant_large_1690280574279.jpeg?alt=media&token=6aa9e024-115d-4831-bbe6-28379b70097f","variant_price":"1200","variant_sku":"large","variant_quantity":"-1"}]},"photo":"https://firebasestorage.googleapis.com/v0/b/foodies-3c1d9.appspot.com/o/images%2FharmhousePizza_1690280971087.jpg?alt=media&token=f28f08b3-1272-4714-bb47-0cbabc07c0a2"},"64bf48b37feb8":{"quantity":1,"disPrice":"450","description":"testing","vendorID":"giMamsEguXZtp3Jzi6Jw","calories":0,"nonveg":false,"fats":0,"price":"500","proteins":0,"publish":true,"veg":true,"id":"64bf48b37feb8","grams":0,"takeawayOption":false,"categoryID":"63dc959f264ed","addOnsPrice":["15","60"],"name":"Cheezy Pizza","addOnsTitle":["Coke","French Fries"],"product_specification":null,"photos":[""],"item_attribute":{"attributes":[{"attribute_id":"648f4248f2015","attribute_options":["regualar","medium","large"]}],"variants":[{"variant_id":"6014b3da1f3508","variant_image":"https://firebasestorage.googleapis.com/v0/b/foodies-3c1d9.appspot.com/o/images%2Fvariant_regualar_1690272036708.jpeg?alt=media&token=b75353b7-f5a0-4c6e-8db0-b27d8a5b3bb4","variant_price":"300","variant_sku":"regualar","variant_quantity":"-1"},{"variant_id":"6014b3da1f3bbc","variant_image":"https://firebasestorage.googleapis.com/v0/b/foodies-3c1d9.appspot.com/o/images%2Fvariant_medium_1690272043039.jpeg?alt=media&token=6fc9c360-3d50-4636-b77d-d9f7b1d9ffd4","variant_price":"450","variant_sku":"medium","variant_quantity":"-1"},{"variant_id":"6014b3da1f361c","variant_image":"https://firebasestorage.googleapis.com/v0/b/foodies-3c1d9.appspot.com/o/images%2Fvariant_large_1690272048030.jpeg?alt=media&token=8d16afea-8340-4e87-a5fd-1a2265852034","variant_price":"500","variant_sku":"large","variant_quantity":"-1"}]},"photo":"https://firebasestorage.googleapis.com/v0/b/foodies-3c1d9.appspot.com/o/images%2Fpizza1_1690272517291.jpeg?alt=media&token=3ea4f5ae-85cb-4b19-9057-9d99e154fc28"},"64bf812ce1cf4":{"description":"yummy pizzaaa","addOnsTitle":["small","medium","large"],"reviewsCount":0,"photos":[],"addon_name":"","section_id":"","fats":0,"addon_price":"","price":"580","proteins":200,"brandID":"","veg":true,"id":"64bf812ce1cf4","grams":120,"takeawayOption":false,"categoryID":"63dc959f264ed","addOnsPrice":["320","420","480"],"quantity":-1,"item_attribute":{"attributes":[{"attribute_id":"6457a779a56ac","attribute_options":["2 slices","4 slices","6 slices","8 slices"]},{"attribute_id":"6457a787007de","attribute_options":["2 pcs","4 cs","6 pcs","8 pcs"]}],"variants":[{"variant_id":"6014c7be5d6054","variant_image":null,"variant_price":"10","variant_sku":"2 slices-2 pcs","variant_quantity":"-1"},{"variant_id":"6014c7be5d783c","variant_image":null,"variant_price":"20","variant_sku":"4 slices-2 pcs","variant_quantity":"-1"},{"variant_id":"6014c7be5d8b1c","variant_image":null,"variant_price":"60","variant_sku":"6 slices-2 pcs","variant_quantity":"-1"},{"variant_id":"6014c7be5d8540","variant_image":null,"variant_price":"80","variant_sku":"8 slices-2 pcs","variant_quantity":"-1"},{"variant_id":"6014c7be5d6dc8","variant_image":null,"variant_price":"20","variant_sku":"2 slices-4 cs","variant_quantity":"-1"},{"variant_id":"6014c7be5d7acc","variant_image":null,"variant_price":"40","variant_sku":"4 slices-4 cs","variant_quantity":"-1"},{"variant_id":"6014c7be5d8670","variant_image":null,"variant_price":"60","variant_sku":"6 slices-4 cs","variant_quantity":"-1"},{"variant_id":"6014c7be5d6ca4","variant_image":null,"variant_price":"80","variant_sku":"8 slices-4 cs","variant_quantity":"-1"},{"variant_id":"6014c7be5d88f0","variant_image":null,"variant_price":"20","variant_sku":"2 slices-6 pcs","variant_quantity":"-1"},{"variant_id":"6014c7be5d8328","variant_image":null,"variant_price":"40","variant_sku":"4 slices-6 pcs","variant_quantity":"-1"},{"variant_id":"6014c7be5d598c","variant_image":null,"variant_price":"60","variant_sku":"6 slices-6 pcs","variant_quantity":"-1"},{"variant_id":"6014c7be5d6de4","variant_image":null,"variant_price":"80","variant_sku":"8 slices-6 pcs","variant_quantity":"-1"},{"variant_id":"6014c7be5d5608","variant_image":null,"variant_price":"20","variant_sku":"2 slices-8 pcs","variant_quantity":"-1"},{"variant_id":"6014c7be5d6a3c","variant_image":null,"variant_price":"40","variant_sku":"4 slices-8 pcs","variant_quantity":"-1"},{"variant_id":"6014c7be5d665c","variant_image":null,"variant_price":"60","variant_sku":"6 slices-8 pcs","variant_quantity":"-1"},{"variant_id":"6014c7be5d7db8","variant_image":null,"variant_price":"80","variant_sku":"8 slices-8 pcs","variant_quantity":"-1"}]},"disPrice":"480","photo":"https://firebasestorage.googleapis.com/v0/b/foodies-3c1d9.appspot.com/o/images%2Fpexels-pixabay-315755_1690272183451.jpg?alt=media&token=43c47b81-d1ba-48fb-842d-033496692ea9","vendorID":"McDuUWTqctTuLJhy1O97","calories":520,"reviewAttributes":{},"nonveg":false,"publish":true,"name":"margerita","reviewsSum":0,"product_specification":{}},"64bf840c370a1":{"addOnsPrice":[],"quantity":-1,"item_attribute":null,"disPrice":"310","addOnsTitle":[],"description":"qwertyuiop\nasdfghjkl\nzxcvbnm,","photo":"https://firebasestorage.googleapis.com/v0/b/foodies-3c1d9.appspot.com/o/images%2Fvecteezy_cartoon-smiling-pizza-mascot-character__1690272879500.jpg?alt=media&token=20a179a6-d1c9-41e7-bda2-dc154e22929c","vendorID":"Rk7ciYPlT8cCJsQBYqXk","calories":20,"photos":[],"nonveg":false,"fats":22,"price":"340","proteins":18,"publish":true,"name":"Pizza","veg":true,"product_specification":{},"id":"64bf840c370a1","grams":300,"takeawayOption":false,"categoryID":"63dc959f264ed"},"64bf852718c64":{"addOnsPrice":[],"quantity":100,"item_attribute":{"attributes":[{"attribute_id":"642357a0e9e56","attribute_options":["1"]},{"attribute_id":"64578f3a641a1","attribute_options":["2"]}],"variants":[{"variant_id":"6014b68e587470","variant_price":"10","variant_sku":"1-2","variant_quantity":"100"}]},"disPrice":"10","addOnsTitle":[],"description":"ksbm food","photo":"https://firebasestorage.googleapis.com/v0/b/foodies-3c1d9.appspot.com/o/images%2Fgoogle-play-badge_1690273230916.png?alt=media&token=794f8320-126d-4b68-a10e-23719aa7037f","vendorID":"qLosdOdOpIZcIGKLxhID","calories":100,"photos":[],"nonveg":true,"fats":10,"price":"100","proteins":10,"publish":true,"name":"ksbm paneer","veg":false,"product_specification":{},"id":"64bf852718c64","grams":10,"takeawayOption":true,"categoryID":"63dc959f264ed"},"64bf8931a4ff7":{"addOnsPrice":["100","200","150"],"quantity":-1,"disPrice":"0","vendorID":"Rk7ciYPlT8cCJsQBYqXk","description":"Tasty Pasta","addOnsTitle":["Salad","Blue Mojito","fresh Juice"],"calories":0,"photos":[],"nonveg":false,"fats":0,"price":"300","proteins":0,"publish":true,"name":"Creamy Pasta","veg":true,"id":"64bf8931a4ff7","grams":0,"takeawayOption":false,"categoryID":"645fb7ffd1b19","item_attribute":{"attributes":[{"attribute_id":"63ad3bb5e8ca2","attribute_options":["Bow Tie","Macaroni"]}],"variants":[{"variant_id":"6014cf5703ac50","variant_image":"https://firebasestorage.googleapis.com/v0/b/foodies-3c1d9.appspot.com/o/images%2Fvariant_Bow%20Tie_1690274411296.jpg?alt=media&token=592031e0-5e86-4f7a-99c5-de472d776663","variant_price":"300","variant_sku":"Bow Tie","variant_quantity":"-1"},{"variant_id":"6014cf5703b700","variant_image":"https://firebasestorage.googleapis.com/v0/b/foodies-3c1d9.appspot.com/o/images%2Fvariant_Macaroni_1690274414055.jpg?alt=media&token=25b471f0-5948-446f-82c1-fadded8d8465","variant_price":"250","variant_sku":"Macaroni","variant_quantity":"-1"}]},"photo":"https://firebasestorage.googleapis.com/v0/b/foodies-3c1d9.appspot.com/o/images%2Fbowtiepasta_2_1690279900094.jpg?alt=media&token=2e918e3f-d3ca-434d-9861-d53b59d92608","product_specification":null},"64bf8b81c60ca":{"addOnsPrice":[],"quantity":-1,"item_attribute":null,"disPrice":"199","addOnsTitle":[],"description":"qwertyuiop\nasdfghjkl;\nzxcvbnm,.","photo":"https://firebasestorage.googleapis.com/v0/b/foodies-3c1d9.appspot.com/o/images%2FFries-with-rosemary-salt_1_1690274724651.jpg?alt=media&token=6ec3db8a-a0d8-4abb-bfd1-11012a5c8825","vendorID":"Rk7ciYPlT8cCJsQBYqXk","calories":0,"photos":[],"nonveg":false,"fats":0,"price":"230","proteins":0,"publish":true,"name":"F.Fries","veg":true,"product_specification":{},"id":"64bf8b81c60ca","grams":0,"takeawayOption":false,"categoryID":"64b0d7526a68f"},"64bf9816e923d":{"addOnsPrice":[],"quantity":-1,"disPrice":"0","addOnsTitle":[],"vendorID":"giMamsEguXZtp3Jzi6Jw","photo":"https://firebasestorage.googleapis.com/v0/b/foodies-3c1d9.appspot.com/o/images%2Fpizza2_1690278060901.jpeg?alt=media&token=2777ea2d-9809-400a-ba12-ea422edab00b","description":"Tasty thin crust piza","calories":0,"photos":[],"nonveg":false,"fats":0,"price":"200","proteins":0,"publish":true,"name":"pan Pizaa","veg":true,"id":"64bf9816e923d","grams":0,"takeawayOption":false,"categoryID":"63dc959f264ed","item_attribute":{"attributes":[{"attribute_id":"63ad3bb5e8ca2","attribute_options":["thin crust"]}],"variants":[{"variant_id":"601872225095fc","variant_image":"https://firebasestorage.googleapis.com/v0/b/foodies-3c1d9.appspot.com/o/images%2Fvariant_thin%20crust_1690278016397.jpeg?alt=media&token=0db1827e-9f90-4ceb-8a97-ed11dafb6406","variant_price":"300","variant_sku":"thin crust","variant_quantity":"-1"}]},"product_specification":null},"64bf98de99b16":{"addOnsPrice":[],"quantity":-1,"disPrice":"0","addOnsTitle":[],"vendorID":"Rk7ciYPlT8cCJsQBYqXk","description":"yummy pasta in the town","calories":0,"photos":[],"nonveg":false,"fats":0,"price":"500","proteins":0,"publish":true,"name":"Italian Pasta","veg":true,"id":"64bf98de99b16","grams":0,"takeawayOption":false,"categoryID":"645fb7ffd1b19","product_specification":null,"item_attribute":{"attributes":[{"attribute_id":"63ad3bb5e8ca2","attribute_options":["Bucatini"]}],"variants":[{"variant_id":"6014d04afae474","variant_image":"https://firebasestorage.googleapis.com/v0/b/foodies-3c1d9.appspot.com/o/images%2Fvariant_Bucatini_1690278382649.jpg?alt=media&token=c4146c00-8c5f-4dfc-8974-b1a648e632d9","variant_price":"600","variant_sku":"Bucatini","variant_quantity":"-1"}]},"photo":"https://firebasestorage.googleapis.com/v0/b/foodies-3c1d9.appspot.com/o/images%2Fpasta_image_1690280156280.jpg?alt=media&token=0c388b65-fb86-48b3-803a-9227ab2789bc"},"64bf9a753226e":{"addOnsPrice":["25","10"],"disPrice":"410","vendorID":"McDuUWTqctTuLJhy1O97","photo":"https://firebasestorage.googleapis.com/v0/b/foodies-3c1d9.appspot.com/o/images%2Fpexels-pixabay-327158_1690278555461.jpg?alt=media&token=54badb6a-1281-498f-b230-3189c1929bad","description":"burger items ","addOnsTitle":["chilli flex","tomato katchup"],"calories":50,"photos":[],"nonveg":false,"fats":0,"price":"500","proteins":320,"publish":true,"veg":true,"id":"64bf9a753226e","grams":100,"takeawayOption":false,"categoryID":"645b9e1a5c527","name":"cheese burger","product_specification":null,"item_attribute":{"attributes":[{"attribute_id":"63b601a19450a","attribute_options":["small","medium"]}],"variants":[{"variant_id":"6014cae242b118","variant_price":"280","variant_sku":"small","variant_quantity":"19"},{"variant_id":"6014cae242bf38","variant_price":"300","variant_sku":"medium","variant_quantity":"15"}]},"quantity":99},"64bf9d138db4b":{"addOnsPrice":["30"],"quantity":-1,"item_attribute":{"attributes":[{"attribute_id":"63ad3bb5e8ca2","attribute_options":["small","large"]}],"variants":[{"variant_id":"6014ce5c620fbc","variant_image":"https://firebasestorage.googleapis.com/v0/b/foodies-3c1d9.appspot.com/o/images%2Fvariant_small_1690279506948.jpg?alt=media&token=52b2d785-0789-42d2-b9cc-1b96d02bbe39","variant_price":"250","variant_sku":"small","variant_quantity":"-1"},{"variant_id":"6014ce5c621df8","variant_image":"https://firebasestorage.googleapis.com/v0/b/foodies-3c1d9.appspot.com/o/images%2Fvariant_large_1690279597564.jpg?alt=media&token=f07875e4-7b86-4a03-b7ea-446c22cade63","variant_price":"200","variant_sku":"large","variant_quantity":"-1"}]},"disPrice":"0","vendorID":"Pt8grZWSBwGm0YKxnsCt","photo":"https://firebasestorage.googleapis.com/v0/b/foodies-3c1d9.appspot.com/o/images%2Fdouble_layer_sandwich_1690279602057.jpg?alt=media&token=a5bb24cd-4052-4d76-892b-27a3518b3cd6","description":"test","addOnsTitle":["cold drink"],"calories":0,"photos":[],"nonveg":false,"fats":0,"price":"250","proteins":0,"publish":true,"name":"Double layer Sandwich","veg":true,"product_specification":{},"id":"64bf9d138db4b","grams":0,"takeawayOption":false,"categoryID":"64bf9b520f34f"},"64bf9fa416f91":{"addOnsPrice":["135","99"],"quantity":-1,"item_attribute":null,"disPrice":"99","addOnsTitle":["Double cheese","Veg.Sandwich"],"description":"123456789\nasdfghjkl\nqwertyuiop\nzxnm,/\n","vendorID":"Rk7ciYPlT8cCJsQBYqXk","calories":0,"photos":[],"nonveg":false,"fats":0,"price":"135","proteins":0,"publish":true,"name":"Sandwich","veg":true,"id":"64bf9fa416f91","grams":0,"takeawayOption":false,"categoryID":"64bf9b520f34f","product_specification":null,"photo":"https://firebasestorage.googleapis.com/v0/b/foodies-3c1d9.appspot.com/o/images%2Fsandwich_2_1690280372880.jpg?alt=media&token=057cffc0-741f-4db9-b4b9-a1eeb9e29224"},"64bfa0908dee5":{"addOnsPrice":["149","299","249"],"quantity":-1,"item_attribute":null,"disPrice":"249","addOnsTitle":["Alloo Tiki","Cheese Tikki","Egg"],"description":"asdfghjkl\nzxcvbnm,\nwertyuiop","photo":"https://firebasestorage.googleapis.com/v0/b/foodies-3c1d9.appspot.com/o/images%2Fpexels-daniel-reche-3616956_1690280102764.jpg?alt=media&token=7483eee7-4a45-4fab-b00c-f438596e6846","vendorID":"Rk7ciYPlT8cCJsQBYqXk","calories":0,"photos":[],"nonveg":false,"fats":0,"price":"299","proteins":0,"publish":true,"veg":true,"id":"64bfa0908dee5","grams":0,"takeawayOption":false,"categoryID":"645b9e1a5c527","name":"Burger","product_specification":null},"64bfa1bfe4661":{"addOnsPrice":["379","325","349"],"quantity":-1,"item_attribute":null,"disPrice":"299","addOnsTitle":["Double Cheese","Macaroni with Pineapple ","Backed Macaroni"],"description":"             \n1234567890\nasdfghjkl;\nqwertyuiop\n","photo":"https://firebasestorage.googleapis.com/v0/b/foodies-3c1d9.appspot.com/o/images%2F24321-moms-favorite-baked-mac-and-cheese-ddmfs-4x3-5502_1690280489637.jpg?alt=media&token=30c018c8-b43c-4c20-9f3a-3cabcddc65a2","vendorID":"Rk7ciYPlT8cCJsQBYqXk","calories":0,"photos":[],"nonveg":false,"fats":0,"price":"325","proteins":0,"publish":true,"name":"Macaroni ","veg":true,"product_specification":{},"id":"64bfa1bfe4661","grams":0,"takeawayOption":false,"categoryID":"64bfa18d39ab7"},"64bfa34834b69":{"addOnsPrice":["99","90","119"],"quantity":-1,"item_attribute":null,"disPrice":"90","addOnsTitle":["Veg. Maggi","Masala Maggi","Cheese Maggi"],"description":"123456789\nwertyuiop[\nasdfghjkl\nzxcvbnm,","photo":"https://firebasestorage.googleapis.com/v0/b/foodies-3c1d9.appspot.com/o/images%2Fmaggie-thumbanil-scaled_1690280813658.jpg?alt=media&token=00b9668b-9639-4815-b6d8-304ab877767b","vendorID":"Rk7ciYPlT8cCJsQBYqXk","calories":0,"photos":[],"nonveg":false,"fats":0,"price":"105","proteins":0,"publish":true,"name":"Maggi","veg":true,"product_specification":{},"id":"64bfa34834b69","grams":0,"takeawayOption":false,"categoryID":"64bfa2f1751bc"},"64bfb489a9319":{"addOnsPrice":[],"quantity":-1,"item_attribute":null,"disPrice":"0","addOnsTitle":[],"vendorID":"CZJQcsnBY1dY5wkorEFO","photo":"https://firebasestorage.googleapis.com/v0/b/foodies-3c1d9.appspot.com/o/images%2Fcheesy_sandwich_1690285359122.jpg?alt=media&token=85fe64db-9c1a-447f-ae1a-afb755c181af","description":"test","calories":360,"photos":[],"nonveg":false,"fats":266,"price":"300","proteins":200,"publish":true,"veg":true,"id":"64bfb489a9319","grams":40,"takeawayOption":false,"categoryID":"64bf9b520f34f","name":"Cheese snadwich","product_specification":null},"64bfcd1208b59":{"addOnsPrice":[],"quantity":-1,"item_attribute":null,"disPrice":"180","addOnsTitle":[],"vendorID":"GByR7uDYAImvtLBz3kzk","photo":"https://firebasestorage.googleapis.com/v0/b/foodies-3c1d9.appspot.com/o/images%2Fpexels-pixabay-327158_1690291504187.jpg?alt=media&token=fbea73b4-ca09-4bd4-895b-5286aa9ee3ed","description":"this is choco fries","calories":0,"photos":[],"nonveg":false,"fats":0,"price":"250","proteins":0,"publish":true,"name":"choco fries","veg":true,"product_specification":{},"id":"64bfcd1208b59","grams":0,"takeawayOption":false,"categoryID":"64b0d7526a68f"},"64c0ecbe6b1e2":{"addOnsPrice":[],"quantity":3,"item_attribute":null,"disPrice":"222","addOnsTitle":[],"description":"333333","photo":"https://firebasestorage.googleapis.com/v0/b/foodies-3c1d9.appspot.com/o/images%2Fe69003d3d5e46cc6a1131aa3d110bfc8_1690365141207.jpeg?alt=media&token=e5597baf-8117-4c92-94bb-7d48f4d833fa","vendorID":"oJKsfFlUN7QKNuRLlZ1p","calories":0,"photos":[],"nonveg":false,"fats":0,"price":"333","proteins":0,"publish":true,"name":"333","veg":true,"product_specification":{},"id":"64c0ecbe6b1e2","grams":0,"takeawayOption":false,"categoryID":"63dc959f264ed"},"64c3723624b28":{"addOnsPrice":[],"quantity":-1,"item_attribute":null,"disPrice":"450","addOnsTitle":[],"vendorID":"kiDeI9fINtv8eOASeknp","photo":"https://firebasestorage.googleapis.com/v0/b/foodies-3c1d9.appspot.com/o/images%2FEspaguetis_carbonara_1690530377992.jpg?alt=media&token=b6552fd5-6c4e-4834-bcc1-f8257dc32f03","description":"amazing food spicy","calories":120,"photos":[],"nonveg":false,"fats":0,"price":"500","proteins":120,"publish":true,"name":"Espaguetis carbonara","veg":true,"product_specification":{},"id":"64c3723624b28","grams":0,"takeawayOption":false,"categoryID":"64bfa2f1751bc"},"64c3727499282":{"addOnsPrice":[],"quantity":-1,"item_attribute":null,"disPrice":"520","addOnsTitle":[],"vendorID":"kiDeI9fINtv8eOASeknp","photo":"https://firebasestorage.googleapis.com/v0/b/foodies-3c1d9.appspot.com/o/images%2FRisotto_1690530431276.webp?alt=media&token=e9ab79f6-e69e-4592-99d3-7ebc9e7ec3f4","description":"Risotto specialization","calories":0,"photos":[],"nonveg":false,"fats":0,"price":"600","proteins":0,"publish":true,"name":"Risotto","veg":true,"product_specification":{},"id":"64c3727499282","grams":0,"takeawayOption":false,"categoryID":"64bfa18d39ab7"},"64c372fabae8b":{"addOnsPrice":[],"quantity":-1,"item_attribute":null,"disPrice":"720","addOnsTitle":[],"vendorID":"kiDeI9fINtv8eOASeknp","photo":"https://firebasestorage.googleapis.com/v0/b/foodies-3c1d9.appspot.com/o/images%2F1280px-Tiramisu_with_blueberries_and_raspberries%2C_July_2011_1690530573088.jpg?alt=media&token=8b1b1da2-8903-4f5d-b2d8-05d133e3bf3c","description":"cake delisioaus","calories":0,"photos":[],"nonveg":false,"fats":0,"price":"900","proteins":0,"publish":true,"name":"Tiramisu with blueberries & raspberries","veg":true,"product_specification":{},"id":"64c372fabae8b","grams":0,"takeawayOption":false,"categoryID":"64c372d028676"},"GZkRBqdma9loc6fqPoOi":{"addOnsTitle":[],"description":"Veg pizza","reviewsCount":0,"photos":["https://firebasestorage.googleapis.com/v0/b/foodies-3c1d9.appspot.com/o/flutter%2FuberEats%2FproductImages%2F53faf482-dd1a-40d1-80ce-66bddaca566c.png?alt=media&token=f8f7a355-7939-4912-8fda-f039af66d896"],"addon_name":"","section_id":"","fats":21,"addon_price":"","price":"80","proteins":15,"brandID":"","veg":true,"id":"GZkRBqdma9loc6fqPoOi","grams":14,"takeawayOption":false,"categoryID":"63dc959f264ed","addOnsPrice":[],"quantity":-1,"item_attribute":null,"disPrice":"0","photo":"https://firebasestorage.googleapis.com/v0/b/foodies-3c1d9.appspot.com/o/flutter%2FuberEats%2FproductImages%2F53faf482-dd1a-40d1-80ce-66bddaca566c.png?alt=media&token=f8f7a355-7939-4912-8fda-f039af66d896","vendorID":"WqRyINuV8fuqd8g7VInG","calories":25,"reviewAttributes":{},"nonveg":false,"publish":true,"name":"Veg Pizza","reviewsSum":0,"product_specification":{"spice":"regular"}},"RGe73AS8AN9rvSfE6Los":{"addOnsTitle":[],"description":"Veg burger","reviewsCount":0,"photos":["https://firebasestorage.googleapis.com/v0/b/foodies-3c1d9.appspot.com/o/flutter%2FuberEats%2FproductImages%2F3aec5734-6c9d-43d2-82df-efd397f6fa3f.png?alt=media&token=04ee46af-97b7-4209-ac30-4839e1775090"],"addon_name":"","section_id":"","fats":32,"addon_price":"","price":"49","proteins":18,"brandID":"","veg":true,"id":"RGe73AS8AN9rvSfE6Los","grams":24,"takeawayOption":false,"categoryID":"645b9e1a5c527","addOnsPrice":[],"quantity":-1,"item_attribute":null,"disPrice":"0","photo":"https://firebasestorage.googleapis.com/v0/b/foodies-3c1d9.appspot.com/o/flutter%2FuberEats%2FproductImages%2F3aec5734-6c9d-43d2-82df-efd397f6fa3f.png?alt=media&token=04ee46af-97b7-4209-ac30-4839e1775090","vendorID":"WqRyINuV8fuqd8g7VInG","calories":25,"reviewAttributes":{},"nonveg":false,"publish":true,"name":"Veg Burger","reviewsSum":0,"product_specification":{}},"s9e7GMy99KqZgVfPmYUv":{"description":"test","reviewsCount":0,"photos":[],"fats":0,"proteins":19,"veg":true,"id":"s9e7GMy99KqZgVfPmYUv","grams":0,"takeawayOption":false,"categoryID":"63dc959f264ed","quantity":2,"vendorID":"8w5A9nKpmRcxmPit8evu","calories":0,"reviewAttributes":null,"nonveg":false,"publish":true,"reviewsSum":0,"addOnsPrice":["30","25"],"item_attribute":{"attributes":[{"attribute_id":"63ad3bb5e8ca2","attribute_options":["regular","medium"]},{"attribute_id":"63b601a19450a","attribute_options":["sweetcorn","Bellpaper","olives"]}],"variants":[{"variant_id":"6014b75fe21cac","variant_image":"https://firebasestorage.googleapis.com/v0/b/foodies-3c1d9.appspot.com/o/images%2Fvariant_regular-sweetcorn_1690273402472.jpg?alt=media&token=8a28bccf-a9a6-481d-990d-65c55083b705","variant_price":"1","variant_sku":"regular-sweetcorn","variant_quantity":"-1"},{"variant_id":"6014b75fe1eff0","variant_image":"https://firebasestorage.googleapis.com/v0/b/foodies-3c1d9.appspot.com/o/images%2Fvariant_medium-sweetcorn_1690273405748.jpg?alt=media&token=fb4356da-2e1e-44e6-bb6f-eea3a7d1cf9e","variant_price":"1","variant_sku":"medium-sweetcorn","variant_quantity":"-1"},{"variant_id":"6014b75fe1e390","variant_image":"https://firebasestorage.googleapis.com/v0/b/foodies-3c1d9.appspot.com/o/images%2Fvariant_regular-Bellpaper_1690273409369.jpg?alt=media&token=c5fbdb87-4831-4686-a009-e35f129f6cfe","variant_price":"1","variant_sku":"regular-Bellpaper","variant_quantity":"-1"},{"variant_id":"6014b75fe206b8","variant_image":"https://firebasestorage.googleapis.com/v0/b/foodies-3c1d9.appspot.com/o/images%2Fvariant_medium-Bellpaper_1690273414788.jpg?alt=media&token=57192ba1-0def-40f1-8d96-83afaf53dca8","variant_price":"1","variant_sku":"medium-Bellpaper","variant_quantity":"-1"},{"variant_id":"6014b75fe1fc80","variant_image":"https://firebasestorage.googleapis.com/v0/b/foodies-3c1d9.appspot.com/o/images%2Fvariant_regular-olives_1690273419216.jpg?alt=media&token=dbce009d-06c7-4ff3-9a1d-16c5646a54f9","variant_price":"1","variant_sku":"regular-olives","variant_quantity":"-1"},{"variant_id":"6014b75fe1e3ec","variant_image":"https://firebasestorage.googleapis.com/v0/b/foodies-3c1d9.appspot.com/o/images%2Fvariant_medium-olives_1690273423400.jpg?alt=media&token=537563ae-30c7-4e8c-a396-1bb07ae936ab","variant_price":"1","variant_sku":"medium-olives","variant_quantity":"-1"}]},"disPrice":"650","price":"700","name":"Classic  Pizza","addOnsTitle":["Pepsi","Coke"],"photo":"https://firebasestorage.googleapis.com/v0/b/foodies-3c1d9.appspot.com/o/images%2Folive_regular_1690273434133.jpg?alt=media&token=48227aef-60bb-461b-aca4-2f8cdad7b0f3","product_specification":null},"wclAr5dvsI3yYIYbCl6w":{"description":"Italian pizza","addOnsTitle":["cheese","drink"],"reviewsCount":0,"photos":["https://firebasestorage.googleapis.com/v0/b/foodies-3c1d9.appspot.com/o/flutter%2FuberEats%2FproductImages%2Fa452e227-6af8-433e-b4e2-2347e93990a2.png?alt=media&token=05837a74-b478-42b3-89c8-733454c1087e"],"addon_name":"","section_id":"","fats":25,"addon_price":"","price":"99","proteins":26,"brandID":"","veg":true,"id":"wclAr5dvsI3yYIYbCl6w","grams":5,"takeawayOption":false,"categoryID":"63dc959f264ed","addOnsPrice":["5","10"],"quantity":-1,"item_attribute":{"attributes":[{"attribute_id":"63ad3bb5e8ca2","attribute_options":["cheese","veg"]}],"variants":[{"variant_id":"cfaef380-2b88-11ee-84bf-8f2106649e99","variant_image":"","variant_price":"99","variant_sku":"cheese","variant_quantity":"-1"},{"variant_id":"d3196eb0-2b88-11ee-96b0-1bf797e88154","variant_image":"","variant_price":"89","variant_sku":"veg","variant_quantity":"-1"}]},"disPrice":"0","photo":"https://firebasestorage.googleapis.com/v0/b/foodies-3c1d9.appspot.com/o/flutter%2FuberEats%2FproductImages%2Fa452e227-6af8-433e-b4e2-2347e93990a2.png?alt=media&token=05837a74-b478-42b3-89c8-733454c1087e","vendorID":"WqRyINuV8fuqd8g7VInG","calories":27,"reviewAttributes":{},"nonveg":false,"publish":true,"name":"Italian Pizza","reviewsSum":0,"product_specification":{"spice":"regular"}}}}